"","BEA2002","NAICS2002_6d","NAICS2002_5d","NAICS2002_4d","NAICS2002_3d","NAICS2002_2d"
"1","1111A0","111110","11111","1111","111","11"
"2","1111A0","111120","11112","1111","111","11"
"3","1111B0","111130","11113","1111","111","11"
"4","1111B0","111140","11114","1111","111","11"
"5","1111B0","111150","11115","1111","111","11"
"6","1111B0","111160","11116","1111","111","11"
"7","1111B0","111191","11119","1111","111","11"
"8","1111B0","111199","11119","1111","111","11"
"9","111200","111211","11121","1112","111","11"
"10","111200","111219","11121","1112","111","11"
"11","1113A0","111310","11131","1113","111","11"
"12","1113A0","111320","11132","1113","111","11"
"13","1113A0","111331","11133","1113","111","11"
"14","1113A0","111332","11133","1113","111","11"
"15","1113A0","111333","11133","1113","111","11"
"16","1113A0","111334","11133","1113","111","11"
"17","1113A0","111336","11133","1113","111","11"
"18","1113A0","111339","11133","1113","111","11"
"19","111335","111335","11133","1113","111","11"
"20","111335","111336","11133","1113","111","11"
"21","111400","111411","11141","1114","111","11"
"22","111400","111419","11141","1114","111","11"
"23","111400","111421","11142","1114","111","11"
"24","111400","111422","11142","1114","111","11"
"25","111910","111910","11191","1119","111","11"
"26","111920","111920","11192","1119","111","11"
"27","1119A0","111930","11193","1119","111","11"
"28","1119A0","111991","11199","1119","111","11"
"29","1119B0","111940","11194","1119","111","11"
"30","1119B0","111992","11199","1119","111","11"
"31","1119B0","111998","11199","1119","111","11"
"32","1121A0","112111","11211","1121","112","11"
"33","1121A0","112112","11211","1121","112","11"
"34","1121A0","112130","11213","1121","112","11"
"35","112120","112120","11212","1121","112","11"
"36","112A00","112210","11221","1122","112","11"
"37","112A00","112410","11241","1124","112","11"
"38","112A00","112420","11242","1124","112","11"
"39","112A00","112511","11251","1125","112","11"
"40","112A00","112512","11251","1125","112","11"
"41","112A00","112519","11251","1125","112","11"
"42","112A00","112910","11291","1129","112","11"
"43","112A00","112920","11292","1129","112","11"
"44","112A00","112930","11293","1129","112","11"
"45","112A00","112990","11299","1129","112","11"
"46","112300","112310","11231","1123","112","11"
"47","112300","112320","11232","1123","112","11"
"48","112300","112330","11233","1123","112","11"
"49","112300","112340","11234","1123","112","11"
"50","112300","112390","11239","1123","112","11"
"51","113A00","113110","11311","1131","113","11"
"52","113A00","113210","11321","1132","113","11"
"53","113300","113310","11331","1133","113","11"
"54","114100","114111","11411","1141","114","11"
"55","114100","114112","11411","1141","114","11"
"56","114100","114119","11411","1141","114","11"
"57","114200","114210","11421","1142","114","11"
"58","115000","115111","11511","1151","115","11"
"59","115000","115112","11511","1151","115","11"
"60","115000","115113","11511","1151","115","11"
"61","115000","115114","11511","1151","115","11"
"62","115000","115115","11511","1151","115","11"
"63","115000","115116","11511","1151","115","11"
"64","115000","115210","11521","1152","115","11"
"65","115000","115310","11531","1153","115","11"
"66","211000","211111","21111","2111","211","21"
"67","211000","211112","21111","2111","211","21"
"68","212100","212111","21211","2121","212","21"
"69","212100","212112","21211","2121","212","21"
"70","212100","212113","21211","2121","212","21"
"71","212210","212210","21221","2122","212","21"
"72","2122A0","212221","21222","2122","212","21"
"73","2122A0","212222","21222","2122","212","21"
"74","2122A0","212291","21229","2122","212","21"
"75","2122A0","212299","21229","2122","212","21"
"76","212230","212231","21223","2122","212","21"
"77","212230","212234","21223","2122","212","21"
"78","212310","212311","21231","2123","212","21"
"79","212310","212312","21231","2123","212","21"
"80","212310","212313","21231","2123","212","21"
"81","212310","212319","21231","2123","212","21"
"82","212320","212321","21232","2123","212","21"
"83","212320","212322","21232","2123","212","21"
"84","212320","212324","21232","2123","212","21"
"85","212320","212325","21232","2123","212","21"
"86","212390","212391","21239","2123","212","21"
"87","212390","212392","21239","2123","212","21"
"88","212390","212393","21239","2123","212","21"
"89","212390","212399","21239","2123","212","21"
"90","213111","213111","21311","2131","213","21"
"91","213112","213112","21311","2131","213","21"
"92","21311A","213113","21311","2131","213","21"
"93","21311A","213114","21311","2131","213","21"
"94","21311A","213115","21311","2131","213","21"
"95","221100","221111","22111","2211","221","22"
"96","221100","221112","22111","2211","221","22"
"97","221100","221113","22111","2211","221","22"
"98","221100","221119","22111","2211","221","22"
"99","221100","221121","22112","2211","221","22"
"100","221100","221122","22112","2211","221","22"
"101","221200","221210","22121","2212","221","22"
"102","221300","221310","22131","2213","221","22"
"103","221300","221320","22132","2213","221","22"
"104","221300","221330","22133","2213","221","22"
"105","230101","236115","23611","2361","236","23"
"106","230101","236116","23611","2361","236","23"
"107","230101","236117","23611","2361","236","23"
"108","230101","236118","23611","2361","236","23"
"109","230101","236210","23621","2362","236","23"
"110","230101","236220","23622","2362","236","23"
"111","230101","237110","23711","2371","237","23"
"112","230101","237120","23712","2371","237","23"
"113","230101","237130","23713","2371","237","23"
"114","230101","237210","23721","2372","237","23"
"115","230101","237310","23731","2373","237","23"
"116","230101","237990","23799","2379","237","23"
"117","230101","238110","23811","2381","238","23"
"118","230101","238120","23812","2381","238","23"
"119","230101","238130","23813","2381","238","23"
"120","230101","238140","23814","2381","238","23"
"121","230101","238150","23815","2381","238","23"
"122","230101","238160","23816","2381","238","23"
"123","230101","238170","23817","2381","238","23"
"124","230101","238190","23819","2381","238","23"
"125","230101","238210","23821","2382","238","23"
"126","230101","238220","23822","2382","238","23"
"127","230101","238290","23829","2382","238","23"
"128","230101","238310","23831","2383","238","23"
"129","230101","238320","23832","2383","238","23"
"130","230101","238330","23833","2383","238","23"
"131","230101","238340","23834","2383","238","23"
"132","230101","238350","23835","2383","238","23"
"133","230101","238390","23839","2383","238","23"
"134","230101","238910","23891","2389","238","23"
"135","230101","238990","23899","2389","238","23"
"136","230102","236115","23611","2361","236","23"
"137","230102","236116","23611","2361","236","23"
"138","230102","236117","23611","2361","236","23"
"139","230102","236118","23611","2361","236","23"
"140","230102","236210","23621","2362","236","23"
"141","230102","236220","23622","2362","236","23"
"142","230102","237110","23711","2371","237","23"
"143","230102","237120","23712","2371","237","23"
"144","230102","237130","23713","2371","237","23"
"145","230102","237210","23721","2372","237","23"
"146","230102","237310","23731","2373","237","23"
"147","230102","237990","23799","2379","237","23"
"148","230102","238110","23811","2381","238","23"
"149","230102","238120","23812","2381","238","23"
"150","230102","238130","23813","2381","238","23"
"151","230102","238140","23814","2381","238","23"
"152","230102","238150","23815","2381","238","23"
"153","230102","238160","23816","2381","238","23"
"154","230102","238170","23817","2381","238","23"
"155","230102","238190","23819","2381","238","23"
"156","230102","238210","23821","2382","238","23"
"157","230102","238220","23822","2382","238","23"
"158","230102","238290","23829","2382","238","23"
"159","230102","238310","23831","2383","238","23"
"160","230102","238320","23832","2383","238","23"
"161","230102","238330","23833","2383","238","23"
"162","230102","238340","23834","2383","238","23"
"163","230102","238350","23835","2383","238","23"
"164","230102","238390","23839","2383","238","23"
"165","230102","238910","23891","2389","238","23"
"166","230102","238990","23899","2389","238","23"
"167","230103","236115","23611","2361","236","23"
"168","230103","236116","23611","2361","236","23"
"169","230103","236117","23611","2361","236","23"
"170","230103","236118","23611","2361","236","23"
"171","230103","236210","23621","2362","236","23"
"172","230103","236220","23622","2362","236","23"
"173","230103","237110","23711","2371","237","23"
"174","230103","237120","23712","2371","237","23"
"175","230103","237130","23713","2371","237","23"
"176","230103","237210","23721","2372","237","23"
"177","230103","237310","23731","2373","237","23"
"178","230103","237990","23799","2379","237","23"
"179","230103","238110","23811","2381","238","23"
"180","230103","238120","23812","2381","238","23"
"181","230103","238130","23813","2381","238","23"
"182","230103","238140","23814","2381","238","23"
"183","230103","238150","23815","2381","238","23"
"184","230103","238160","23816","2381","238","23"
"185","230103","238170","23817","2381","238","23"
"186","230103","238190","23819","2381","238","23"
"187","230103","238210","23821","2382","238","23"
"188","230103","238220","23822","2382","238","23"
"189","230103","238290","23829","2382","238","23"
"190","230103","238310","23831","2383","238","23"
"191","230103","238320","23832","2383","238","23"
"192","230103","238330","23833","2383","238","23"
"193","230103","238340","23834","2383","238","23"
"194","230103","238350","23835","2383","238","23"
"195","230103","238390","23839","2383","238","23"
"196","230103","238910","23891","2389","238","23"
"197","230103","238990","23899","2389","238","23"
"198","230201","236115","23611","2361","236","23"
"199","230201","236116","23611","2361","236","23"
"200","230201","236117","23611","2361","236","23"
"201","230201","236118","23611","2361","236","23"
"202","230201","236210","23621","2362","236","23"
"203","230201","236220","23622","2362","236","23"
"204","230201","237110","23711","2371","237","23"
"205","230201","237120","23712","2371","237","23"
"206","230201","237130","23713","2371","237","23"
"207","230201","237210","23721","2372","237","23"
"208","230201","237310","23731","2373","237","23"
"209","230201","237990","23799","2379","237","23"
"210","230201","238110","23811","2381","238","23"
"211","230201","238120","23812","2381","238","23"
"212","230201","238130","23813","2381","238","23"
"213","230201","238140","23814","2381","238","23"
"214","230201","238150","23815","2381","238","23"
"215","230201","238160","23816","2381","238","23"
"216","230201","238170","23817","2381","238","23"
"217","230201","238190","23819","2381","238","23"
"218","230201","238210","23821","2382","238","23"
"219","230201","238220","23822","2382","238","23"
"220","230201","238290","23829","2382","238","23"
"221","230201","238310","23831","2383","238","23"
"222","230201","238320","23832","2383","238","23"
"223","230201","238330","23833","2383","238","23"
"224","230201","238340","23834","2383","238","23"
"225","230201","238350","23835","2383","238","23"
"226","230201","238390","23839","2383","238","23"
"227","230201","238910","23891","2389","238","23"
"228","230201","238990","23899","2389","238","23"
"229","230202","236115","23611","2361","236","23"
"230","230202","236116","23611","2361","236","23"
"231","230202","236117","23611","2361","236","23"
"232","230202","236118","23611","2361","236","23"
"233","230202","236210","23621","2362","236","23"
"234","230202","236220","23622","2362","236","23"
"235","230202","237110","23711","2371","237","23"
"236","230202","237120","23712","2371","237","23"
"237","230202","237130","23713","2371","237","23"
"238","230202","237210","23721","2372","237","23"
"239","230202","237310","23731","2373","237","23"
"240","230202","237990","23799","2379","237","23"
"241","230202","238110","23811","2381","238","23"
"242","230202","238120","23812","2381","238","23"
"243","230202","238130","23813","2381","238","23"
"244","230202","238140","23814","2381","238","23"
"245","230202","238150","23815","2381","238","23"
"246","230202","238160","23816","2381","238","23"
"247","230202","238170","23817","2381","238","23"
"248","230202","238190","23819","2381","238","23"
"249","230202","238210","23821","2382","238","23"
"250","230202","238220","23822","2382","238","23"
"251","230202","238290","23829","2382","238","23"
"252","230202","238310","23831","2383","238","23"
"253","230202","238320","23832","2383","238","23"
"254","230202","238330","23833","2383","238","23"
"255","230202","238340","23834","2383","238","23"
"256","230202","238350","23835","2383","238","23"
"257","230202","238390","23839","2383","238","23"
"258","230202","238910","23891","2389","238","23"
"259","230202","238990","23899","2389","238","23"
"260","230301","236115","23611","2361","236","23"
"261","230301","236116","23611","2361","236","23"
"262","230301","236117","23611","2361","236","23"
"263","230301","236118","23611","2361","236","23"
"264","230301","236210","23621","2362","236","23"
"265","230301","236220","23622","2362","236","23"
"266","230301","237110","23711","2371","237","23"
"267","230301","237120","23712","2371","237","23"
"268","230301","237130","23713","2371","237","23"
"269","230301","237210","23721","2372","237","23"
"270","230301","237310","23731","2373","237","23"
"271","230301","237990","23799","2379","237","23"
"272","230301","238110","23811","2381","238","23"
"273","230301","238120","23812","2381","238","23"
"274","230301","238130","23813","2381","238","23"
"275","230301","238140","23814","2381","238","23"
"276","230301","238150","23815","2381","238","23"
"277","230301","238160","23816","2381","238","23"
"278","230301","238170","23817","2381","238","23"
"279","230301","238190","23819","2381","238","23"
"280","230301","238210","23821","2382","238","23"
"281","230301","238220","23822","2382","238","23"
"282","230301","238290","23829","2382","238","23"
"283","230301","238310","23831","2383","238","23"
"284","230301","238320","23832","2383","238","23"
"285","230301","238330","23833","2383","238","23"
"286","230301","238340","23834","2383","238","23"
"287","230301","238350","23835","2383","238","23"
"288","230301","238390","23839","2383","238","23"
"289","230301","238910","23891","2389","238","23"
"290","230301","238990","23899","2389","238","23"
"291","230302","236115","23611","2361","236","23"
"292","230302","236116","23611","2361","236","23"
"293","230302","236117","23611","2361","236","23"
"294","230302","236118","23611","2361","236","23"
"295","230302","236210","23621","2362","236","23"
"296","230302","236220","23622","2362","236","23"
"297","230302","237110","23711","2371","237","23"
"298","230302","237120","23712","2371","237","23"
"299","230302","237130","23713","2371","237","23"
"300","230302","237210","23721","2372","237","23"
"301","230302","237310","23731","2373","237","23"
"302","230302","237990","23799","2379","237","23"
"303","230302","238110","23811","2381","238","23"
"304","230302","238120","23812","2381","238","23"
"305","230302","238130","23813","2381","238","23"
"306","230302","238140","23814","2381","238","23"
"307","230302","238150","23815","2381","238","23"
"308","230302","238160","23816","2381","238","23"
"309","230302","238170","23817","2381","238","23"
"310","230302","238190","23819","2381","238","23"
"311","230302","238210","23821","2382","238","23"
"312","230302","238220","23822","2382","238","23"
"313","230302","238290","23829","2382","238","23"
"314","230302","238310","23831","2383","238","23"
"315","230302","238320","23832","2383","238","23"
"316","230302","238330","23833","2383","238","23"
"317","230302","238340","23834","2383","238","23"
"318","230302","238350","23835","2383","238","23"
"319","230302","238390","23839","2383","238","23"
"320","230302","238910","23891","2389","238","23"
"321","230302","238990","23899","2389","238","23"
"322","311111","311111","31111","3111","311","31"
"323","311119","311119","31111","3111","311","31"
"324","311210","311211","31121","3112","311","31"
"325","311210","311212","31121","3112","311","31"
"326","311210","311213","31121","3112","311","31"
"327","311221","311221","31122","3112","311","31"
"328","31122A","311222","31122","3112","311","31"
"329","31122A","311223","31122","3112","311","31"
"330","311225","311225","31122","3112","311","31"
"331","311230","311230","31123","3112","311","31"
"332","31131A","311311","31131","3113","311","31"
"333","31131A","311312","31131","3113","311","31"
"334","311313","311313","31131","3113","311","31"
"335","311320","311320","31132","3113","311","31"
"336","311330","311330","31133","3113","311","31"
"337","311340","311340","31134","3113","311","31"
"338","311410","311411","31141","3114","311","31"
"339","311410","311412","31141","3114","311","31"
"340","311420","311421","31142","3114","311","31"
"341","311420","311422","31142","3114","311","31"
"342","311420","311423","31142","3114","311","31"
"343","31151A","311511","31151","3115","311","31"
"344","31151A","311512","31151","3115","311","31"
"345","311513","311513","31151","3115","311","31"
"346","311514","311514","31151","3115","311","31"
"347","311520","311520","31152","3115","311","31"
"348","31161A","311611","31161","3116","311","31"
"349","31161A","311612","31161","3116","311","31"
"350","31161A","311613","31161","3116","311","31"
"351","311615","311615","31161","3116","311","31"
"352","311700","311711","31171","3117","311","31"
"353","311700","311712","31171","3117","311","31"
"354","311810","311811","31181","3118","311","31"
"355","311810","311812","31181","3118","311","31"
"356","311810","311813","31181","3118","311","31"
"357","311820","311821","31182","3118","311","31"
"358","311820","311822","31182","3118","311","31"
"359","311820","311823","31182","3118","311","31"
"360","311830","311830","31183","3118","311","31"
"361","311910","311911","31191","3119","311","31"
"362","311910","311919","31191","3119","311","31"
"363","311920","311920","31192","3119","311","31"
"364","311930","311930","31193","3119","311","31"
"365","311940","311941","31194","3119","311","31"
"366","311940","311942","31194","3119","311","31"
"367","311990","311991","31199","3119","311","31"
"368","311990","311999","31199","3119","311","31"
"369","312110","312111","31211","3121","312","31"
"370","312110","312112","31211","3121","312","31"
"371","312110","312113","31211","3121","312","31"
"372","312120","312120","31212","3121","312","31"
"373","312130","312130","31213","3121","312","31"
"374","312140","312140","31214","3121","312","31"
"375","3122A0","312210","31221","3122","312","31"
"376","3122A0","312221","31222","3122","312","31"
"377","3122A0","312229","31222","3122","312","31"
"378","313100","313111","31311","3131","313","31"
"379","313100","313112","31311","3131","313","31"
"380","313100","313113","31311","3131","313","31"
"381","313210","313210","31321","3132","313","31"
"382","313220","313221","31322","3132","313","31"
"383","313220","313222","31322","3132","313","31"
"384","313230","313230","31323","3132","313","31"
"385","313240","313241","31324","3132","313","31"
"386","313240","313249","31324","3132","313","31"
"387","313310","313311","31331","3133","313","31"
"388","313310","313312","31331","3133","313","31"
"389","313320","313320","31332","3133","313","31"
"390","314110","314110","31411","3141","314","31"
"391","314120","314121","31412","3141","314","31"
"392","314120","314129","31412","3141","314","31"
"393","314910","314911","31491","3149","314","31"
"394","314910","314912","31491","3149","314","31"
"395","314990","314991","31499","3149","314","31"
"396","314990","314992","31499","3149","314","31"
"397","314990","314999","31499","3149","314","31"
"398","315100","315111","31511","3151","315","31"
"399","315100","315119","31511","3151","315","31"
"400","315210","315211","31521","3152","315","31"
"401","315210","315212","31521","3152","315","31"
"402","315220","315221","31522","3152","315","31"
"403","315220","315222","31522","3152","315","31"
"404","315220","315223","31522","3152","315","31"
"405","315220","315224","31522","3152","315","31"
"406","315220","315225","31522","3152","315","31"
"407","315220","315228","31522","3152","315","31"
"408","315230","315231","31523","3152","315","31"
"409","315230","315232","31523","3152","315","31"
"410","315230","315233","31523","3152","315","31"
"411","315230","315234","31523","3152","315","31"
"412","315230","315239","31523","3152","315","31"
"413","315290","315291","31529","3152","315","31"
"414","315290","315292","31529","3152","315","31"
"415","315290","315299","31529","3152","315","31"
"416","315900","315991","31599","3159","315","31"
"417","315900","315992","31599","3159","315","31"
"418","315900","315993","31599","3159","315","31"
"419","315900","315999","31599","3159","315","31"
"420","316100","316110","31611","3161","316","31"
"421","316200","316211","31621","3162","316","31"
"422","316200","316212","31621","3162","316","31"
"423","316200","316213","31621","3162","316","31"
"424","316200","316214","31621","3162","316","31"
"425","316200","316219","31621","3162","316","31"
"426","316900","316991","31699","3169","316","31"
"427","316900","316992","31699","3169","316","31"
"428","316900","316993","31699","3169","316","31"
"429","316900","316999","31699","3169","316","31"
"430","321100","321113","32111","3211","321","32"
"431","321100","321114","32111","3211","321","32"
"432","32121A","321211","32121","3212","321","32"
"433","32121A","321212","32121","3212","321","32"
"434","32121B","321213","32121","3212","321","32"
"435","32121B","321214","32121","3212","321","32"
"436","321219","321219","32121","3212","321","32"
"437","321910","321911","32191","3219","321","32"
"438","321910","321912","32191","3219","321","32"
"439","321910","321918","32191","3219","321","32"
"440","321920","321920","32192","3219","321","32"
"441","321991","321991","32199","3219","321","32"
"442","321992","321992","32199","3219","321","32"
"443","321999","321999","32199","3219","321","32"
"444","322110","322110","32211","3221","322","32"
"445","322120","322121","32212","3221","322","32"
"446","322120","322122","32212","3221","322","32"
"447","322130","322130","32213","3221","322","32"
"448","322210","322211","32221","3222","322","32"
"449","322210","322212","32221","3222","322","32"
"450","322210","322213","32221","3222","322","32"
"451","322210","322214","32221","3222","322","32"
"452","322210","322215","32221","3222","322","32"
"453","32222A","322221","32222","3222","322","32"
"454","32222A","322222","32222","3222","322","32"
"455","32222B","322223","32222","3222","322","32"
"456","32222B","322224","32222","3222","322","32"
"457","32222B","322225","32222","3222","322","32"
"458","32222B","322226","32222","3222","322","32"
"459","322230","322231","32223","3222","322","32"
"460","322230","322232","32223","3222","322","32"
"461","322230","322233","32223","3222","322","32"
"462","322291","322291","32229","3222","322","32"
"463","322299","322299","32229","3222","322","32"
"464","323110","323110","32311","3231","323","32"
"465","323110","323111","32311","3231","323","32"
"466","323110","323112","32311","3231","323","32"
"467","323110","323113","32311","3231","323","32"
"468","323110","323114","32311","3231","323","32"
"469","323110","323115","32311","3231","323","32"
"470","323110","323116","32311","3231","323","32"
"471","323110","323117","32311","3231","323","32"
"472","323110","323118","32311","3231","323","32"
"473","323110","323119","32311","3231","323","32"
"474","323120","323121","32312","3231","323","32"
"475","323120","323122","32312","3231","323","32"
"476","324110","324110","32411","3241","324","32"
"477","324121","324121","32412","3241","324","32"
"478","324122","324122","32412","3241","324","32"
"479","324191","324191","32419","3241","324","32"
"480","324199","324199","32419","3241","324","32"
"481","325110","325110","32511","3251","325","32"
"482","325120","325120","32512","3251","325","32"
"483","325130","325131","32513","3251","325","32"
"484","325130","325132","32513","3251","325","32"
"485","325181","325181","32518","3251","325","32"
"486","325182","325182","32518","3251","325","32"
"487","325188","325188","32518","3251","325","32"
"488","325190","325191","32519","3251","325","32"
"489","325190","325192","32519","3251","325","32"
"490","325190","325193","32519","3251","325","32"
"491","325190","325199","32519","3251","325","32"
"492","325211","325211","32521","3252","325","32"
"493","325212","325212","32521","3252","325","32"
"494","325220","325221","32522","3252","325","32"
"495","325220","325222","32522","3252","325","32"
"496","325310","325311","32531","3253","325","32"
"497","325310","325312","32531","3253","325","32"
"498","325310","325314","32531","3253","325","32"
"499","325320","325320","32532","3253","325","32"
"500","325411","325411","32541","3254","325","32"
"501","325412","325412","32541","3254","325","32"
"502","325413","325413","32541","3254","325","32"
"503","325414","325414","32541","3254","325","32"
"504","325510","325510","32551","3255","325","32"
"505","325520","325520","32552","3255","325","32"
"506","325610","325611","32561","3256","325","32"
"507","325610","325612","32561","3256","325","32"
"508","325610","325613","32561","3256","325","32"
"509","325620","325620","32562","3256","325","32"
"510","325910","325910","32591","3259","325","32"
"511","3259A0","325920","32592","3259","325","32"
"512","3259A0","325991","32599","3259","325","32"
"513","3259A0","325992","32599","3259","325","32"
"514","3259A0","325998","32599","3259","325","32"
"515","326110","326111","32611","3261","326","32"
"516","326110","326112","32611","3261","326","32"
"517","326110","326113","32611","3261","326","32"
"518","326121","326121","32612","3261","326","32"
"519","326122","326122","32612","3261","326","32"
"520","326130","326130","32613","3261","326","32"
"521","326140","326140","32614","3261","326","32"
"522","326150","326150","32615","3261","326","32"
"523","326160","326160","32616","3261","326","32"
"524","32619A","326191","32619","3261","326","32"
"525","32619A","326192","32619","3261","326","32"
"526","32619A","326199","32619","3261","326","32"
"527","326210","326211","32621","3262","326","32"
"528","326210","326212","32621","3262","326","32"
"529","326220","326220","32622","3262","326","32"
"530","326290","326291","32629","3262","326","32"
"531","326290","326299","32629","3262","326","32"
"532","32711A","327111","32711","3271","327","32"
"533","32711A","327112","32711","3271","327","32"
"534","32711A","327113","32711","3271","327","32"
"535","32712A","327121","32712","3271","327","32"
"536","32712A","327122","32712","3271","327","32"
"537","32712A","327123","32712","3271","327","32"
"538","32712B","327124","32712","3271","327","32"
"539","32712B","327125","32712","3271","327","32"
"540","327211","327211","32721","3272","327","32"
"541","327212","327212","32721","3272","327","32"
"542","327213","327213","32721","3272","327","32"
"543","327215","327215","32721","3272","327","32"
"544","327310","327310","32731","3273","327","32"
"545","327320","327320","32732","3273","327","32"
"546","327330","327331","32733","3273","327","32"
"547","327330","327332","32733","3273","327","32"
"548","327390","327390","32739","3273","327","32"
"549","3274A0","327410","32741","3274","327","32"
"550","3274A0","327420","32742","3274","327","32"
"551","327910","327910","32791","3279","327","32"
"552","327991","327991","32799","3279","327","32"
"553","327992","327992","32799","3279","327","32"
"554","327993","327993","32799","3279","327","32"
"555","327999","327999","32799","3279","327","32"
"556","331110","331111","33111","3311","331","33"
"557","331110","331112","33111","3311","331","33"
"558","331200","331210","33121","3312","331","33"
"559","331200","331221","33122","3312","331","33"
"560","331200","331222","33122","3312","331","33"
"561","33131A","331311","33131","3313","331","33"
"562","33131A","331312","33131","3313","331","33"
"563","331314","331314","33131","3313","331","33"
"564","33131B","331315","33131","3313","331","33"
"565","33131B","331316","33131","3313","331","33"
"566","33131B","331319","33131","3313","331","33"
"567","331411","331411","33141","3314","331","33"
"568","331419","331419","33141","3314","331","33"
"569","331420","331421","33142","3314","331","33"
"570","331420","331422","33142","3314","331","33"
"571","331420","331423","33142","3314","331","33"
"572","331490","331491","33149","3314","331","33"
"573","331490","331492","33149","3314","331","33"
"574","331510","331511","33151","3315","331","33"
"575","331510","331512","33151","3315","331","33"
"576","331510","331513","33151","3315","331","33"
"577","331520","331521","33152","3315","331","33"
"578","331520","331522","33152","3315","331","33"
"579","331520","331524","33152","3315","331","33"
"580","331520","331525","33152","3315","331","33"
"581","331520","331528","33152","3315","331","33"
"582","33211A","332111","33211","3321","332","33"
"583",NA,"332112","33211","3321","332","33"
"584",NA,"332117","33211","3321","332","33"
"585","332114","332114","33211","3321","332","33"
"586","33211B","332115","33211","3321","332","33"
"587","33211B","332116","33211","3321","332","33"
"588","33221A","332211","33221","3322","332","33"
"589","33221A","332214","33221","3322","332","33"
"590","33221B","332212","33221","3322","332","33"
"591","33221B","332213","33221","3322","332","33"
"592","332310","332311","33231","3323","332","33"
"593","332310","332312","33231","3323","332","33"
"594","332310","332313","33231","3323","332","33"
"595","332320","332321","33232","3323","332","33"
"596","332320","332322","33232","3323","332","33"
"597","332320","332323","33232","3323","332","33"
"598","332410","332410","33241","3324","332","33"
"599","332420","332420","33242","3324","332","33"
"600","332430","332431","33243","3324","332","33"
"601","332430","332439","33243","3324","332","33"
"602","33299A","332992","33299","3329","332","33"
"603","33299A","332993","33299","3329","332","33"
"604","33299B","332994","33299","3329","332","33"
"605","33299B","332995","33299","3329","332","33"
"606","332500","332510","33251","3325","332","33"
"607","332600","332611","33261","3326","332","33"
"608","332600","332612","33261","3326","332","33"
"609","332600","332618","33261","3326","332","33"
"610","332710","332710","33271","3327","332","33"
"611","332720","332721","33272","3327","332","33"
"612","332720","332722","33272","3327","332","33"
"613","332800","332811","33281","3328","332","33"
"614","332800","332812","33281","3328","332","33"
"615","332800","332813","33281","3328","332","33"
"616","33291A","332911","33291","3329","332","33"
"617","33291A","332912","33291","3329","332","33"
"618","33291A","332919","33291","3329","332","33"
"619","332913","332913","33291","3329","332","33"
"620","332991","332991","33299","3329","332","33"
"621","332996","332996","33299","3329","332","33"
"622","33299C","332997","33299","3329","332","33"
"623","33299C","332998","33299","3329","332","33"
"624","33299C","332999","33299","3329","332","33"
"625","333111","333111","33311","3331","333","33"
"626","333112","333112","33311","3331","333","33"
"627","333120","333120","33312","3331","333","33"
"628","333130","333131","33313","3331","333","33"
"629","333130","333132","33313","3331","333","33"
"630","33329A","333210","33321","3332","333","33"
"631","33329A","333291","33329","3332","333","33"
"632","33329A","333292","33329","3332","333","33"
"633","33329A","333293","33329","3332","333","33"
"634","33329A","333294","33329","3332","333","33"
"635","33329A","333298","33329","3332","333","33"
"636","333220","333220","33322","3332","333","33"
"637","333295","333295","33329","3332","333","33"
"638","33331A","333311","33331","3333","333","33"
"639","33331A","333312","33331","3333","333","33"
"640","33331A","333313","33331","3333","333","33"
"641","333314","333314","33331","3333","333","33"
"642","333315","333315","33331","3333","333","33"
"643","333319","333319","33331","3333","333","33"
"644","33341A","333411","33341","3334","333","33"
"645","33341A","333412","33341","3334","333","33"
"646","333414","333414","33341","3334","333","33"
"647","333415","333415","33341","3334","333","33"
"648","333511","333511","33351","3335","333","33"
"649","33351A","333512","33351","3335","333","33"
"650","33351A","333513","33351","3335","333","33"
"651","333514","333514","33351","3335","333","33"
"652","333515","333515","33351","3335","333","33"
"653","33351B","333516","33351","3335","333","33"
"654","33351B","333518","33351","3335","333","33"
"655","333611","333611","33361","3336","333","33"
"656","333612","333612","33361","3336","333","33"
"657","333613","333613","33361","3336","333","33"
"658","333618","333618","33361","3336","333","33"
"659","333911","333911","33391","3339","333","33"
"660","333911","333913","33391","3339","333","33"
"661","333912","333912","33391","3339","333","33"
"662","333920","333921","33392","3339","333","33"
"663","333920","333922","33392","3339","333","33"
"664","333920","333923","33392","3339","333","33"
"665","333920","333924","33392","3339","333","33"
"666","333991","333991","33399","3339","333","33"
"667","33399A","333992","33399","3339","333","33"
"668","33399A","333997","33399","3339","333","33"
"669","33399A","333999","33399","3339","333","33"
"670","333993","333993","33399","3339","333","33"
"671","333994","333994","33399","3339","333","33"
"672","33399B","333995","33399","3339","333","33"
"673","33399B","333996","33399","3339","333","33"
"674","334111","334111","33411","3341","334","33"
"675","334112","334112","33411","3341","334","33"
"676","33411A","334113","33411","3341","334","33"
"677","33411A","334119","33411","3341","334","33"
"678","334210","334210","33421","3342","334","33"
"679","334220","334220","33422","3342","334","33"
"680","334290","334290","33429","3342","334","33"
"681","334300","334310","33431","3343","334","33"
"682","334411","334411","33441","3344","334","33"
"683","334412","334412","33441","3344","334","33"
"684","334413","334413","33441","3344","334","33"
"685","33441A","334414","33441","3344","334","33"
"686","33441A","334415","33441","3344","334","33"
"687","33441A","334416","33441","3344","334","33"
"688","334417","334417","33441","3344","334","33"
"689","334418","334418","33441","3344","334","33"
"690","334419","334419","33441","3344","334","33"
"691","334510","334510","33451","3345","334","33"
"692","334511","334511","33451","3345","334","33"
"693","334512","334512","33451","3345","334","33"
"694","334513","334513","33451","3345","334","33"
"695","334514","334514","33451","3345","334","33"
"696","334515","334515","33451","3345","334","33"
"697","334516","334516","33451","3345","334","33"
"698","334517","334517","33451","3345","334","33"
"699","33451A","334518","33451","3345","334","33"
"700","33451A","334519","33451","3345","334","33"
"701","33461A","334611","33461","3346","334","33"
"702","33461A","334612","33461","3346","334","33"
"703","334613","334613","33461","3346","334","33"
"704","335110","335110","33511","3351","335","33"
"705","335120","335121","33512","3351","335","33"
"706","335120","335122","33512","3351","335","33"
"707","335120","335129","33512","3351","335","33"
"708","335210","335211","33521","3352","335","33"
"709","335210","335212","33521","3352","335","33"
"710","335221","335221","33522","3352","335","33"
"711","335222","335222","33522","3352","335","33"
"712","335224","335224","33522","3352","335","33"
"713","335228","335228","33522","3352","335","33"
"714","335311","335311","33531","3353","335","33"
"715","335312","335312","33531","3353","335","33"
"716","335313","335313","33531","3353","335","33"
"717","335314","335314","33531","3353","335","33"
"718","335911","335911","33591","3359","335","33"
"719","335912","335912","33591","3359","335","33"
"720","335920","335921","33592","3359","335","33"
"721","335920","335929","33592","3359","335","33"
"722","335930","335931","33593","3359","335","33"
"723",NA,"335932","33593","3359","335","33"
"724","335991","335991","33599","3359","335","33"
"725","335999","335999","33599","3359","335","33"
"726","336111","336111","33611","3361","336","33"
"727","336112","336112","33611","3361","336","33"
"728","336120","336120","33612","3361","336","33"
"729","336211","336211","33621","3362","336","33"
"730","336212","336212","33621","3362","336","33"
"731","336213","336213","33621","3362","336","33"
"732","336214","336214","33621","3362","336","33"
"733","336300","336311","33631","3363","336","33"
"734","336300","336312","33631","3363","336","33"
"735","336300","336321","33632","3363","336","33"
"736","336300","336322","33632","3363","336","33"
"737","336300","336330","33633","3363","336","33"
"738","336300","336340","33634","3363","336","33"
"739","336300","336350","33635","3363","336","33"
"740","336300","336360","33636","3363","336","33"
"741","336300","336370","33637","3363","336","33"
"742","336300","336391","33639","3363","336","33"
"743","336300","336399","33639","3363","336","33"
"744","336411","336411","33641","3364","336","33"
"745","336412","336412","33641","3364","336","33"
"746","336413","336413","33641","3364","336","33"
"747","336414","336414","33641","3364","336","33"
"748","33641A","336415","33641","3364","336","33"
"749","33641A","336419","33641","3364","336","33"
"750","336500","336510","33651","3365","336","33"
"751","336611","336611","33661","3366","336","33"
"752","336612","336612","33661","3366","336","33"
"753","336991","336991","33699","3369","336","33"
"754","336992","336992","33699","3369","336","33"
"755","336999","336999","33699","3369","336","33"
"756","337110","337110","33711","3371","337","33"
"757","337121","337121","33712","3371","337","33"
"758","337122","337122","33712","3371","337","33"
"759","33712A","337124","33712","3371","337","33"
"760","33712A","337125","33712","3371","337","33"
"761","337127","337127","33712","3371","337","33"
"762","33721A","337129","33712","3371","337","33"
"763","337212","337211","33721","3372","337","33"
"764","337212","337212","33721","3372","337","33"
"765","337212","337214","33721","3372","337","33"
"766","337215","337215","33721","3372","337","33"
"767","337910","337910","33791","3379","337","33"
"768","337920","337920","33792","3379","337","33"
"769","339111","339111","33911","3391","339","33"
"770","339112","339112","33911","3391","339","33"
"771","339113","339113","33911","3391","339","33"
"772","339114","339114","33911","3391","339","33"
"773","339115","339115","33911","3391","339","33"
"774","339116","339116","33911","3391","339","33"
"775","339910","339911","33991","3399","339","33"
"776","339910","339912","33991","3399","339","33"
"777","339910","339913","33991","3399","339","33"
"778","339910","339914","33991","3399","339","33"
"779","339920","339920","33992","3399","339","33"
"780","339930","339931","33993","3399","339","33"
"781","339930","339932","33993","3399","339","33"
"782","339940","339941","33994","3399","339","33"
"783","339940","339942","33994","3399","339","33"
"784","339940","339943","33994","3399","339","33"
"785","339940","339944","33994","3399","339","33"
"786","339950","339950","33995","3399","339","33"
"787","339991","339991","33999","3399","339","33"
"788","339992","339992","33999","3399","339","33"
"789","33999A","339993","33999","3399","339","33"
"790","33999A","339995","33999","3399","339","33"
"791","33999A","339999","33999","3399","339","33"
"792","339994","339994","33999","3399","339","33"
"793","420000","423110","42311","4231","423","42"
"794","420000","423120","42312","4231","423","42"
"795","420000","423130","42313","4231","423","42"
"796","420000","423140","42314","4231","423","42"
"797","420000","423210","42321","4232","423","42"
"798","420000","423220","42322","4232","423","42"
"799","420000","423310","42331","4233","423","42"
"800","420000","423320","42332","4233","423","42"
"801","420000","423330","42333","4233","423","42"
"802","420000","423390","42339","4233","423","42"
"803","420000","423410","42341","4234","423","42"
"804","420000","423420","42342","4234","423","42"
"805","420000","423430","42343","4234","423","42"
"806","420000","423440","42344","4234","423","42"
"807","420000","423450","42345","4234","423","42"
"808","420000","423460","42346","4234","423","42"
"809","420000","423490","42349","4234","423","42"
"810","420000","423510","42351","4235","423","42"
"811","420000","423520","42352","4235","423","42"
"812","420000","423610","42361","4236","423","42"
"813","420000","423620","42362","4236","423","42"
"814","420000","423690","42369","4236","423","42"
"815","420000","423710","42371","4237","423","42"
"816","420000","423720","42372","4237","423","42"
"817","420000","423730","42373","4237","423","42"
"818","420000","423740","42374","4237","423","42"
"819","420000","423810","42381","4238","423","42"
"820","420000","423820","42382","4238","423","42"
"821","420000","423830","42383","4238","423","42"
"822","420000","423840","42384","4238","423","42"
"823","420000","423850","42385","4238","423","42"
"824","420000","423860","42386","4238","423","42"
"825","420000","423910","42391","4239","423","42"
"826","420000","423920","42392","4239","423","42"
"827","420000","423930","42393","4239","423","42"
"828","420000","423940","42394","4239","423","42"
"829","420000","423990","42399","4239","423","42"
"830","420000","424110","42411","4241","424","42"
"831","420000","424120","42412","4241","424","42"
"832","420000","424130","42413","4241","424","42"
"833","420000","424310","42431","4243","424","42"
"834","420000","424320","42432","4243","424","42"
"835","420000","424330","42433","4243","424","42"
"836","420000","424340","42434","4243","424","42"
"837","420000","424410","42441","4244","424","42"
"838","420000","424420","42442","4244","424","42"
"839","420000","424430","42443","4244","424","42"
"840","420000","424440","42444","4244","424","42"
"841","420000","424450","42445","4244","424","42"
"842","420000","424460","42446","4244","424","42"
"843","420000","424470","42447","4244","424","42"
"844","420000","424480","42448","4244","424","42"
"845","420000","424490","42449","4244","424","42"
"846","420000","424510","42451","4245","424","42"
"847","420000","424520","42452","4245","424","42"
"848","420000","424590","42459","4245","424","42"
"849","420000","424610","42461","4246","424","42"
"850","420000","424690","42469","4246","424","42"
"851","420000","424710","42471","4247","424","42"
"852","420000","424720","42472","4247","424","42"
"853","420000","424810","42481","4248","424","42"
"854","420000","424820","42482","4248","424","42"
"855","420000","424910","42491","4249","424","42"
"856","420000","424920","42492","4249","424","42"
"857","420000","424930","42493","4249","424","42"
"858","420000","424940","42494","4249","424","42"
"859","420000","424950","42495","4249","424","42"
"860","420000","424990","42499","4249","424","42"
"861","420000","425110","42511","4251","425","42"
"862","420000","425120","42512","4251","425","42"
"863","4A0000","441110","44111","4411","441","44"
"864","4A0000","441120","44112","4411","441","44"
"865","4A0000","441210","44121","4412","441","44"
"866","4A0000","441221","44122","4412","441","44"
"867","4A0000","441222","44122","4412","441","44"
"868","4A0000","441229","44122","4412","441","44"
"869","4A0000","441310","44131","4413","441","44"
"870","4A0000","441320","44132","4413","441","44"
"871","4A0000","442110","44211","4421","442","44"
"872","4A0000","442210","44221","4422","442","44"
"873","4A0000","442291","44229","4422","442","44"
"874","4A0000","442299","44229","4422","442","44"
"875","4A0000","443111","44311","4431","443","44"
"876","4A0000","443112","44311","4431","443","44"
"877","4A0000","443120","44312","4431","443","44"
"878","4A0000","443130","44313","4431","443","44"
"879","4A0000","444110","44411","4441","444","44"
"880","4A0000","444120","44412","4441","444","44"
"881","4A0000","444130","44413","4441","444","44"
"882","4A0000","444190","44419","4441","444","44"
"883","4A0000","444210","44421","4442","444","44"
"884","4A0000","444220","44422","4442","444","44"
"885","4A0000","445110","44511","4451","445","44"
"886","4A0000","445120","44512","4451","445","44"
"887","4A0000","445210","44521","4452","445","44"
"888","4A0000","445220","44522","4452","445","44"
"889","4A0000","445230","44523","4452","445","44"
"890","4A0000","445291","44529","4452","445","44"
"891","4A0000","445292","44529","4452","445","44"
"892","4A0000","445299","44529","4452","445","44"
"893","4A0000","445310","44531","4453","445","44"
"894","4A0000","446110","44611","4461","446","44"
"895","4A0000","446120","44612","4461","446","44"
"896","4A0000","446130","44613","4461","446","44"
"897","4A0000","446191","44619","4461","446","44"
"898","4A0000","446199","44619","4461","446","44"
"899","4A0000","447110","44711","4471","447","44"
"900","4A0000","447190","44719","4471","447","44"
"901","4A0000","448110","44811","4481","448","44"
"902","4A0000","448120","44812","4481","448","44"
"903","4A0000","448130","44813","4481","448","44"
"904","4A0000","448140","44814","4481","448","44"
"905","4A0000","448150","44815","4481","448","44"
"906","4A0000","448190","44819","4481","448","44"
"907","4A0000","448210","44821","4482","448","44"
"908","4A0000","448310","44831","4483","448","44"
"909","4A0000","448320","44832","4483","448","44"
"910","4A0000","451110","45111","4511","451","45"
"911","4A0000","451120","45112","4511","451","45"
"912","4A0000","451130","45113","4511","451","45"
"913","4A0000","451140","45114","4511","451","45"
"914","4A0000","451211","45121","4512","451","45"
"915","4A0000","451212","45121","4512","451","45"
"916","4A0000","451220","45122","4512","451","45"
"917","4A0000","452111","45211","4521","452","45"
"918","4A0000","452112","45211","4521","452","45"
"919","4A0000","452910","45291","4529","452","45"
"920","4A0000","452990","45299","4529","452","45"
"921","4A0000","453110","45311","4531","453","45"
"922","4A0000","453210","45321","4532","453","45"
"923","4A0000","453220","45322","4532","453","45"
"924","4A0000","453310","45331","4533","453","45"
"925","4A0000","453910","45391","4539","453","45"
"926","4A0000","453920","45392","4539","453","45"
"927","4A0000","453930","45393","4539","453","45"
"928","4A0000","453991","45399","4539","453","45"
"929","4A0000","453998","45399","4539","453","45"
"930","4A0000","454111","45411","4541","454","45"
"931","4A0000","454112","45411","4541","454","45"
"932","4A0000","454113","45411","4541","454","45"
"933","4A0000","454311","45431","4543","454","45"
"934","4A0000","454312","45431","4543","454","45"
"935","4A0000","454319","45431","4543","454","45"
"936","4A0000","454390","45439","4543","454","45"
"937","481000","481111","48111","4811","481","48"
"938","481000","481112","48111","4811","481","48"
"939","481000","481211","48121","4812","481","48"
"940","481000","481212","48121","4812","481","48"
"941","481000","481219","48121","4812","481","48"
"942","482000","482111","48211","4821","482","48"
"943","482000","482112","48211","4821","482","48"
"944","483000","483111","48311","4831","483","48"
"945","483000","483112","48311","4831","483","48"
"946","483000","483113","48311","4831","483","48"
"947","483000","483114","48311","4831","483","48"
"948","483000","483211","48321","4832","483","48"
"949","483000","483212","48321","4832","483","48"
"950","484000","484110","48411","4841","484","48"
"951","484000","484121","48412","4841","484","48"
"952","484000","484122","48412","4841","484","48"
"953","484000","484210","48421","4842","484","48"
"954","484000","484220","48422","4842","484","48"
"955","484000","484230","48423","4842","484","48"
"956","485000","485111","48511","4851","485","48"
"957","485000","485112","48511","4851","485","48"
"958","485000","485113","48511","4851","485","48"
"959","485000","485119","48511","4851","485","48"
"960","485000","485210","48521","4852","485","48"
"961","485000","485310","48531","4853","485","48"
"962","485000","485320","48532","4853","485","48"
"963","485000","485410","48541","4854","485","48"
"964","485000","485510","48551","4855","485","48"
"965","485000","485991","48599","4859","485","48"
"966","485000","485999","48599","4859","485","48"
"967","486000","486110","48611","4861","486","48"
"968","486000","486210","48621","4862","486","48"
"969","486000","486910","48691","4869","486","48"
"970","486000","486990","48699","4869","486","48"
"971","48A000","487110","48711","4871","487","48"
"972","48A000","487210","48721","4872","487","48"
"973","48A000","487990","48799","4879","487","48"
"974","48A000","488111","48811","4881","488","48"
"975","48A000","488119","48811","4881","488","48"
"976","48A000","488190","48819","4881","488","48"
"977","48A000","488210","48821","4882","488","48"
"978","48A000","488310","48831","4883","488","48"
"979","48A000","488320","48832","4883","488","48"
"980","48A000","488330","48833","4883","488","48"
"981","48A000","488390","48839","4883","488","48"
"982","48A000","488410","48841","4884","488","48"
"983","48A000","488490","48849","4884","488","48"
"984","48A000","488510","48851","4885","488","48"
"985","48A000","488991","48899","4889","488","48"
"986","48A000","488999","48899","4889","488","48"
"987","492000","492110","49211","4921","492","49"
"988","492000","492210","49221","4922","492","49"
"989","493000","493110","49311","4931","493","49"
"990","493000","493120","49312","4931","493","49"
"991","493000","493130","49313","4931","493","49"
"992","493000","493190","49319","4931","493","49"
"993","511110","511110","51111","5111","511","51"
"994","511120","511120","51112","5111","511","51"
"995","511130","511130","51113","5111","511","51"
"996","5111A0","511140","51114","5111","511","51"
"997","5111A0","511191","51119","5111","511","51"
"998","5111A0","511199","51119","5111","511","51"
"999","511200","511210","51121","5112","511","51"
"1000","512100","512110","51211","5121","512","51"
"1001","512100","512120","51212","5121","512","51"
"1002","512100","512131","51213","5121","512","51"
"1003","512100","512132","51213","5121","512","51"
"1004","512100","512191","51219","5121","512","51"
"1005","512100","512199","51219","5121","512","51"
"1006","512200","512210","51221","5122","512","51"
"1007","512200","512220","51222","5122","512","51"
"1008","512200","512230","51223","5122","512","51"
"1009","512200","512240","51224","5122","512","51"
"1010","512200","512290","51229","5122","512","51"
"1011","515100","515111","51511","5151","515","51"
"1012","515100","515112","51511","5151","515","51"
"1013","515100","515120","51512","5151","515","51"
"1014","515200","515210","51521","5152","515","51"
"1015","516110","516110","51611","5161","516","51"
"1016","517000","517110","51711","5171","517","51"
"1017","517000","517211","51721","5172","517","51"
"1018","517000","517212","51721","5172","517","51"
"1019","517000","517310","51731","5173","517","51"
"1020","517000","517410","51741","5174","517","51"
"1021","517000","517510","51751","5175","517","51"
"1022","517000","517910","51791","5179","517","51"
"1023","518100","518111","51811","5181","518","51"
"1024","518100","518112","51811","5181","518","51"
"1025","518200","518210","51821","5182","518","51"
"1026","519100","519110","51911","5191","519","51"
"1027","519100","519120","51912","5191","519","51"
"1028","519100","519190","51919","5191","519","51"
"1029","52A000","521110","52111","5211","521","52"
"1030","52A000","522110","52211","5221","522","52"
"1031","52A000","522120","52212","5221","522","52"
"1032","52A000","522130","52213","5221","522","52"
"1033","52A000","522190","52219","5221","522","52"
"1034","522A00","522210","52221","5222","522","52"
"1035","522A00","522220","52222","5222","522","52"
"1036","522A00","522291","52229","5222","522","52"
"1037","522A00","522292","52229","5222","522","52"
"1038","522A00","522293","52229","5222","522","52"
"1039","522A00","522294","52229","5222","522","52"
"1040","522A00","522298","52229","5222","522","52"
"1041","522A00","522310","52231","5223","522","52"
"1042","522A00","522320","52232","5223","522","52"
"1043","522A00","522390","52239","5223","522","52"
"1044","523000","523110","52311","5231","523","52"
"1045","523000","523120","52312","5231","523","52"
"1046","523000","523130","52313","5231","523","52"
"1047","523000","523140","52314","5231","523","52"
"1048","523000","523210","52321","5232","523","52"
"1049","523000","523910","52391","5239","523","52"
"1050","523000","523920","52392","5239","523","52"
"1051","523000","523930","52393","5239","523","52"
"1052","523000","523991","52399","5239","523","52"
"1053","523000","523999","52399","5239","523","52"
"1054","524100","524113","52411","5241","524","52"
"1055","524100","524114","52411","5241","524","52"
"1056","524100","524126","52412","5241","524","52"
"1057","524100","524127","52412","5241","524","52"
"1058","524100","524128","52412","5241","524","52"
"1059","524100","524130","52413","5241","524","52"
"1060","524200","524210","52421","5242","524","52"
"1061","524200","524291","52429","5242","524","52"
"1062","524200","524292","52429","5242","524","52"
"1063","524200","524298","52429","5242","524","52"
"1064","525000","525110","52511","5251","525","52"
"1065","525000","525120","52512","5251","525","52"
"1066","525000","525190","52519","5251","525","52"
"1067","525000","525910","52591","5259","525","52"
"1068","525000","525920","52592","5259","525","52"
"1069","525000","525930","52593","5259","525","52"
"1070","525000","525990","52599","5259","525","52"
"1071","531000","531110","53111","5311","531","53"
"1072","531000","531120","53112","5311","531","53"
"1073","531000","531130","53113","5311","531","53"
"1074","531000","531190","53119","5311","531","53"
"1075","531000","531210","53121","5312","531","53"
"1076","531000","531311","53131","5313","531","53"
"1077","531000","531312","53131","5313","531","53"
"1078","531000","531320","53132","5313","531","53"
"1079","531000","531390","53139","5313","531","53"
"1080","532100","532210","53221","5322","532","53"
"1081","532100","532220","53222","5322","532","53"
"1082","532100","532230","53223","5322","532","53"
"1083","532100","532291","53229","5322","532","53"
"1084","532100","532292","53229","5322","532","53"
"1085","532100","532299","53229","5322","532","53"
"1086","532A00","532210","53221","5322","532","53"
"1087","532A00","532220","53222","5322","532","53"
"1088","532A00","532291","53229","5322","532","53"
"1089","532A00","532292","53229","5322","532","53"
"1090","532A00","532299","53229","5322","532","53"
"1091","532A00","532310","53231","5323","532","53"
"1092","532230","532230","53223","5322","532","53"
"1093","532400","532411","53241","5324","532","53"
"1094","532400","532412","53241","5324","532","53"
"1095","532400","532420","53242","5324","532","53"
"1096","532400","532490","53249","5324","532","53"
"1097","533000","533110","53311","5331","533","53"
"1098","541100","541110","54111","5411","541","54"
"1099","541100","541120","54112","5411","541","54"
"1100","541100","541191","54119","5411","541","54"
"1101","541100","541199","54119","5411","541","54"
"1102","541200","541211","54121","5412","541","54"
"1103","541200","541213","54121","5412","541","54"
"1104","541200","541214","54121","5412","541","54"
"1105","541200","541219","54121","5412","541","54"
"1106","541300","541310","54131","5413","541","54"
"1107","541300","541320","54132","5413","541","54"
"1108","541300","541330","54133","5413","541","54"
"1109","541300","541340","54134","5413","541","54"
"1110","541300","541350","54135","5413","541","54"
"1111","541300","541360","54136","5413","541","54"
"1112","541300","541370","54137","5413","541","54"
"1113","541300","541380","54138","5413","541","54"
"1114","541400","541410","54141","5414","541","54"
"1115","541400","541420","54142","5414","541","54"
"1116","541400","541430","54143","5414","541","54"
"1117","541400","541490","54149","5414","541","54"
"1118","541511","541511","54151","5415","541","54"
"1119","541512","541512","54151","5415","541","54"
"1120","54151A","541513","54151","5415","541","54"
"1121","54151A","541519","54151","5415","541","54"
"1122","541610","541611","54161","5416","541","54"
"1123","541610","541612","54161","5416","541","54"
"1124","541610","541613","54161","5416","541","54"
"1125","541610","541614","54161","5416","541","54"
"1126","541610","541618","54161","5416","541","54"
"1127","5416A0","541620","54162","5416","541","54"
"1128","5416A0","541690","54169","5416","541","54"
"1129","541700","541710","54171","5417","541","54"
"1130","541700","541720","54172","5417","541","54"
"1131","541800","541810","54181","5418","541","54"
"1132","541800","541820","54182","5418","541","54"
"1133","541800","541830","54183","5418","541","54"
"1134","541800","541840","54184","5418","541","54"
"1135","541800","541850","54185","5418","541","54"
"1136","541800","541860","54186","5418","541","54"
"1137","541800","541870","54187","5418","541","54"
"1138","541800","541890","54189","5418","541","54"
"1139","5419A0","541910","54191","5419","541","54"
"1140","5419A0","541930","54193","5419","541","54"
"1141","5419A0","541990","54199","5419","541","54"
"1142","541920","541921","54192","5419","541","54"
"1143","541920","541922","54192","5419","541","54"
"1144","541940","541940","54194","5419","541","54"
"1145","550000","551111","55111","5511","551","55"
"1146","550000","551112","55111","5511","551","55"
"1147","550000","551114","55111","5511","551","55"
"1148","561100","561110","56111","5611","561","56"
"1149","561200","561210","56121","5612","561","56"
"1150","561400","561410","56141","5614","561","56"
"1151","561400","561421","56142","5614","561","56"
"1152","561400","561422","56142","5614","561","56"
"1153","561400","561431","56143","5614","561","56"
"1154","561400","561439","56143","5614","561","56"
"1155","561400","561440","56144","5614","561","56"
"1156","561400","561450","56145","5614","561","56"
"1157","561400","561491","56149","5614","561","56"
"1158","561400","561492","56149","5614","561","56"
"1159","561400","561499","56149","5614","561","56"
"1160","561600","561611","56161","5616","561","56"
"1161","561600","561612","56161","5616","561","56"
"1162","561600","561613","56161","5616","561","56"
"1163","561600","561621","56162","5616","561","56"
"1164","561600","561622","56162","5616","561","56"
"1165","561700","561710","56171","5617","561","56"
"1166","561700","561720","56172","5617","561","56"
"1167","561700","561730","56173","5617","561","56"
"1168","561700","561740","56174","5617","561","56"
"1169","561700","561790","56179","5617","561","56"
"1170","561900","561910","56191","5619","561","56"
"1171","561900","561920","56192","5619","561","56"
"1172","561900","561990","56199","5619","561","56"
"1173","561300","561310","56131","5613","561","56"
"1174","561300","561320","56132","5613","561","56"
"1175","561300","561330","56133","5613","561","56"
"1176","561500","561510","56151","5615","561","56"
"1177","561500","561520","56152","5615","561","56"
"1178","561500","561591","56159","5615","561","56"
"1179","561500","561599","56159","5615","561","56"
"1180","562000","562111","56211","5621","562","56"
"1181","562000","562112","56211","5621","562","56"
"1182","562000","562119","56211","5621","562","56"
"1183","562000","562211","56221","5622","562","56"
"1184","562000","562212","56221","5622","562","56"
"1185","562000","562213","56221","5622","562","56"
"1186","562000","562219","56221","5622","562","56"
"1187","562000","562910","56291","5629","562","56"
"1188","562000","562920","56292","5629","562","56"
"1189","562000","562991","56299","5629","562","56"
"1190","562000","562998","56299","5629","562","56"
"1191","611100","611110","61111","6111","611","61"
"1192","611A00","611210","61121","6112","611","61"
"1193","611A00","611310","61131","6113","611","61"
"1194","611B00","611410","61141","6114","611","61"
"1195","611B00","611420","61142","6114","611","61"
"1196","611B00","611430","61143","6114","611","61"
"1197","611B00","611511","61151","6115","611","61"
"1198","611B00","611512","61151","6115","611","61"
"1199","611B00","611513","61151","6115","611","61"
"1200","611B00","611519","61151","6115","611","61"
"1201","611B00","611610","61161","6116","611","61"
"1202","611B00","611620","61162","6116","611","61"
"1203","611B00","611630","61163","6116","611","61"
"1204","611B00","611691","61169","6116","611","61"
"1205","611B00","611692","61169","6116","611","61"
"1206","611B00","611699","61169","6116","611","61"
"1207","611B00","611710","61171","6117","611","61"
"1208","621A00","621111","62111","6211","621","62"
"1209","621A00","621112","62111","6211","621","62"
"1210","621A00","621210","62121","6212","621","62"
"1211","621A00","621310","62131","6213","621","62"
"1212","621A00","621320","62132","6213","621","62"
"1213","621A00","621340","62134","6213","621","62"
"1214","621A00","621391","62139","6213","621","62"
"1215","621A00","621399","62139","6213","621","62"
"1216","621B00","621410","62141","6214","621","62"
"1217","621B00","621420","62142","6214","621","62"
"1218","621B00","621491","62149","6214","621","62"
"1219","621B00","621492","62149","6214","621","62"
"1220","621B00","621493","62149","6214","621","62"
"1221","621B00","621498","62149","6214","621","62"
"1222","621B00","621511","62151","6215","621","62"
"1223","621B00","621512","62151","6215","621","62"
"1224","621B00","621910","62191","6219","621","62"
"1225","621B00","621991","62199","6219","621","62"
"1226","621B00","621999","62199","6219","621","62"
"1227","621600","621610","62161","6216","621","62"
"1228","622000","622110","62211","6221","622","62"
"1229","622000","622210","62221","6222","622","62"
"1230","622000","622310","62231","6223","622","62"
"1231","623000","623110","62311","6231","623","62"
"1232","623000","623210","62321","6232","623","62"
"1233","623000","623220","62322","6232","623","62"
"1234","623000","623311","62331","6233","623","62"
"1235","623000","623312","62331","6233","623","62"
"1236","623000","623990","62399","6239","623","62"
"1237","624A00","624110","62411","6241","624","62"
"1238","624A00","624120","62412","6241","624","62"
"1239","624A00","624190","62419","6241","624","62"
"1240","624200","624210","62421","6242","624","62"
"1241","624200","624221","62422","6242","624","62"
"1242","624200","624229","62422","6242","624","62"
"1243","624200","624230","62423","6242","624","62"
"1244","624200","624310","62431","6243","624","62"
"1245","624400","624410","62441","6244","624","62"
"1246","711100","711110","71111","7111","711","71"
"1247","711100","711120","71112","7111","711","71"
"1248","711100","711130","71113","7111","711","71"
"1249","711100","711190","71119","7111","711","71"
"1250","711200","711211","71121","7112","711","71"
"1251","711200","711212","71121","7112","711","71"
"1252","711200","711219","71121","7112","711","71"
"1253","711A00","711310","71131","7113","711","71"
"1254","711A00","711320","71132","7113","711","71"
"1255","711A00","711410","71141","7114","711","71"
"1256","711500","711510","71151","7115","711","71"
"1257","712000","712110","71211","7121","712","71"
"1258","712000","712120","71212","7121","712","71"
"1259","712000","712130","71213","7121","712","71"
"1260","712000","712190","71219","7121","712","71"
"1261","713A00","713110","71311","7131","713","71"
"1262","713A00","713120","71312","7131","713","71"
"1263","713A00","713210","71321","7132","713","71"
"1264","713A00","713290","71329","7132","713","71"
"1265","713B00","713910","71391","7139","713","71"
"1266","713B00","713920","71392","7139","713","71"
"1267","713B00","713930","71393","7139","713","71"
"1268","713B00","713990","71399","7139","713","71"
"1269","713940","713940","71394","7139","713","71"
"1270","713950","713950","71395","7139","713","71"
"1271","7211A0","721110","72111","7211","721","72"
"1272","7211A0","721120","72112","7211","721","72"
"1273","721A00","721191","72119","7211","721","72"
"1274","721A00","721199","72119","7211","721","72"
"1275","721A00","721211","72121","7212","721","72"
"1276","721A00","721214","72121","7212","721","72"
"1277","721A00","721310","72131","7213","721","72"
"1278","722000","722110","72211","7221","722","72"
"1279","722000","722211","72221","7222","722","72"
"1280","722000","722212","72221","7222","722","72"
"1281","722000","722213","72221","7222","722","72"
"1282","722000","722310","72231","7223","722","72"
"1283","722000","722320","72232","7223","722","72"
"1284","722000","722330","72233","7223","722","72"
"1285","722000","722410","72241","7224","722","72"
"1286","8111A0","811111","81111","8111","811","81"
"1287","8111A0","811112","81111","8111","811","81"
"1288","8111A0","811113","81111","8111","811","81"
"1289","8111A0","811118","81111","8111","811","81"
"1290","8111A0","811121","81112","8111","811","81"
"1291","8111A0","811122","81112","8111","811","81"
"1292","8111A0","811191","81119","8111","811","81"
"1293","8111A0","811198","81119","8111","811","81"
"1294","811192","811192","81119","8111","811","81"
"1295","811200","811211","81121","8112","811","81"
"1296","811200","811212","81121","8112","811","81"
"1297","811200","811213","81121","8112","811","81"
"1298","811200","811219","81121","8112","811","81"
"1299","811300","811310","81131","8113","811","81"
"1300","811400","811411","81141","8114","811","81"
"1301","811400","811412","81141","8114","811","81"
"1302","811400","811420","81142","8114","811","81"
"1303","811400","811430","81143","8114","811","81"
"1304","811400","811490","81149","8114","811","81"
"1305","812100","812111","81211","8121","812","81"
"1306","812100","812112","81211","8121","812","81"
"1307","812100","812113","81211","8121","812","81"
"1308","812100","812191","81219","8121","812","81"
"1309","812100","812199","81219","8121","812","81"
"1310","812200","812210","81221","8122","812","81"
"1311","812200","812220","81222","8122","812","81"
"1312","812300","812310","81231","8123","812","81"
"1313","812300","812320","81232","8123","812","81"
"1314","812300","812331","81233","8123","812","81"
"1315","812300","812332","81233","8123","812","81"
"1316","812900","812910","81291","8129","812","81"
"1317","812900","812921","81292","8129","812","81"
"1318","812900","812922","81292","8129","812","81"
"1319","812900","812930","81293","8129","812","81"
"1320","812900","812990","81299","8129","812","81"
"1321","813100","813110","81311","8131","813","81"
"1322","813A00","813211","81321","8132","813","81"
"1323","813A00","813212","81321","8132","813","81"
"1324","813A00","813219","81321","8132","813","81"
"1325","813A00","813311","81331","8133","813","81"
"1326","813A00","813312","81331","8133","813","81"
"1327","813A00","813319","81331","8133","813","81"
"1328","813B00","813410","81341","8134","813","81"
"1329","813B00","813910","81391","8139","813","81"
"1330","813B00","813920","81392","8139","813","81"
"1331","813B00","813930","81393","8139","813","81"
"1332","813B00","813940","81394","8139","813","81"
"1333","813B00","813990","81399","8139","813","81"
"1334","814000","814110","81411","8141","814","81"
"1335","491000","491110","49111","4911","491","49"
