"","CODE","GVC_Ui","YEAR","BEA_CLASS"
"1","1111A0",4.23075389862061,"2002","BEA2002"
"2","1111B0",3.40382695198059,"2002","BEA2002"
"3","111200",1.36004304885864,"2002","BEA2002"
"4","111335",1.75760102272034,"2002","BEA2002"
"5","1113A0",1.50917398929596,"2002","BEA2002"
"6","111400",1.34926903247833,"2002","BEA2002"
"7","111910",2.09707307815552,"2002","BEA2002"
"8","111920",3.96402907371521,"2002","BEA2002"
"9","1119A0",3.27768611907959,"2002","BEA2002"
"10","1119B0",3.40123796463013,"2002","BEA2002"
"11","112120",2.67809891700745,"2002","BEA2002"
"12","1121A0",3.20877504348755,"2002","BEA2002"
"13","112300",2.42920207977295,"2002","BEA2002"
"14","112A00",2.5838029384613,"2002","BEA2002"
"15","113300",4.28147506713867,"2002","BEA2002"
"16","113A00",4.59558010101318,"2002","BEA2002"
"17","114100",2.213702917099,"2002","BEA2002"
"18","114200",1,"2002","BEA2002"
"19","115000",3.881187915802,"2002","BEA2002"
"20","211000",3.34680199623108,"2002","BEA2002"
"21","212100",3.13548398017883,"2002","BEA2002"
"22","212210",4.34980583190918,"2002","BEA2002"
"23","212230",3.69519805908203,"2002","BEA2002"
"24","2122A0",4.01775693893433,"2002","BEA2002"
"25","212310",2.77443504333496,"2002","BEA2002"
"26","212320",2.7584331035614,"2002","BEA2002"
"27","212390",3.36073207855225,"2002","BEA2002"
"28","213111",1,"2002","BEA2002"
"29","213112",1.32360899448395,"2002","BEA2002"
"30","21311A",2.20037794113159,"2002","BEA2002"
"31","221100",2.11178493499756,"2002","BEA2002"
"32","221200",2.25391411781311,"2002","BEA2002"
"33","221300",1.61193704605103,"2002","BEA2002"
"34","230101",1,"2002","BEA2002"
"35","230102",1,"2002","BEA2002"
"36","230103",1,"2002","BEA2002"
"37","230201",1,"2002","BEA2002"
"38","230202",1.03610694408417,"2002","BEA2002"
"39","230301",2.8163640499115,"2002","BEA2002"
"40","230302",2.11894297599792,"2002","BEA2002"
"41","311111",1.02911901473999,"2002","BEA2002"
"42","311119",3.34426498413086,"2002","BEA2002"
"43","311210",2.10015511512756,"2002","BEA2002"
"44","311221",2.52325201034546,"2002","BEA2002"
"45","311225",2.22060298919678,"2002","BEA2002"
"46","31122A",3.19432306289673,"2002","BEA2002"
"47","311230",1.05617594718933,"2002","BEA2002"
"48","311313",2.17178201675415,"2002","BEA2002"
"49","31131A",2.19536709785461,"2002","BEA2002"
"50","311320",1.9512699842453,"2002","BEA2002"
"51","311330",1.05148303508759,"2002","BEA2002"
"52","311340",1.16860997676849,"2002","BEA2002"
"53","311410",1.27953696250916,"2002","BEA2002"
"54","311420",1.44179594516754,"2002","BEA2002"
"55","311513",1.86837494373322,"2002","BEA2002"
"56","311514",1.76165699958801,"2002","BEA2002"
"57","31151A",1.47328305244446,"2002","BEA2002"
"58","311520",1.8642270565033,"2002","BEA2002"
"59","311615",1.50060105323792,"2002","BEA2002"
"60","31161A",1.69541203975677,"2002","BEA2002"
"61","311700",1.82279098033905,"2002","BEA2002"
"62","311810",1.18263101577759,"2002","BEA2002"
"63","311820",1.18322896957397,"2002","BEA2002"
"64","311830",1.05368399620056,"2002","BEA2002"
"65","311910",1.18846201896667,"2002","BEA2002"
"66","311920",1.47622203826904,"2002","BEA2002"
"67","311930",2.38112092018127,"2002","BEA2002"
"68","311940",1.55489301681519,"2002","BEA2002"
"69","311990",1.42961204051971,"2002","BEA2002"
"70","312110",1.19091796875,"2002","BEA2002"
"71","312120",1.09039294719696,"2002","BEA2002"
"72","312130",1.28782796859741,"2002","BEA2002"
"73","312140",1.49388694763184,"2002","BEA2002"
"74","3122A0",1.06542098522186,"2002","BEA2002"
"75","313100",2.76862096786499,"2002","BEA2002"
"76","313210",2.46460700035095,"2002","BEA2002"
"77","313220",2.30012392997742,"2002","BEA2002"
"78","313230",2.75630593299866,"2002","BEA2002"
"79","313240",2.52638792991638,"2002","BEA2002"
"80","313310",2.59583806991577,"2002","BEA2002"
"81","313320",2.82182598114014,"2002","BEA2002"
"82","314110",1.21885502338409,"2002","BEA2002"
"83","314120",1.24058496952057,"2002","BEA2002"
"84","314910",2.10345697402954,"2002","BEA2002"
"85","314990",2.11666893959045,"2002","BEA2002"
"86","315100",1.29490602016449,"2002","BEA2002"
"87","315210",2.60145211219788,"2002","BEA2002"
"88","315220",1.07504403591156,"2002","BEA2002"
"89","315230",1.02439498901367,"2002","BEA2002"
"90","315290",1.12455403804779,"2002","BEA2002"
"91","315900",1.27908504009247,"2002","BEA2002"
"92","316100",2.70278406143188,"2002","BEA2002"
"93","316200",1.00731098651886,"2002","BEA2002"
"94","316900",1.49611794948578,"2002","BEA2002"
"95","321100",3.00569009780884,"2002","BEA2002"
"96","321219",2.53704810142517,"2002","BEA2002"
"97","32121A",2.60022497177124,"2002","BEA2002"
"98","32121B",2.35664796829224,"2002","BEA2002"
"99","321910",2.43399095535278,"2002","BEA2002"
"100","321920",2.52233290672302,"2002","BEA2002"
"101","321991",1.01941204071045,"2002","BEA2002"
"102","321992",2.28691601753235,"2002","BEA2002"
"103","321999",2.23368406295776,"2002","BEA2002"
"104","322110",3.55062794685364,"2002","BEA2002"
"105","322120",2.71831798553467,"2002","BEA2002"
"106","322130",3.34346604347229,"2002","BEA2002"
"107","322210",2.74704504013062,"2002","BEA2002"
"108","32222A",2.65979290008545,"2002","BEA2002"
"109","32222B",2.63904809951782,"2002","BEA2002"
"110","322230",2.09915590286255,"2002","BEA2002"
"111","322291",1.42235100269318,"2002","BEA2002"
"112","322299",2.19670701026917,"2002","BEA2002"
"113","323110",2.5735399723053,"2002","BEA2002"
"114","323120",3.10322189331055,"2002","BEA2002"
"115","324110",2.39613699913025,"2002","BEA2002"
"116","324121",2.29946899414062,"2002","BEA2002"
"117","324122",2.34024906158447,"2002","BEA2002"
"118","324191",2.26957988739014,"2002","BEA2002"
"119","324199",3.28099298477173,"2002","BEA2002"
"120","325110",4.65112781524658,"2002","BEA2002"
"121","325120",3.22611498832703,"2002","BEA2002"
"122","325130",3.51826405525208,"2002","BEA2002"
"123","325181",3.61121010780334,"2002","BEA2002"
"124","325182",3.4193160533905,"2002","BEA2002"
"125","325188",3.23947095870972,"2002","BEA2002"
"126","325190",3.85287308692932,"2002","BEA2002"
"127","325211",3.57122111320496,"2002","BEA2002"
"128","325212",3.04780602455139,"2002","BEA2002"
"129","325220",3.1085159778595,"2002","BEA2002"
"130","325310",3.76174807548523,"2002","BEA2002"
"131","325320",2.84393000602722,"2002","BEA2002"
"132","325411",2.58800911903381,"2002","BEA2002"
"133","325412",1.30922102928162,"2002","BEA2002"
"134","325413",2.04807496070862,"2002","BEA2002"
"135","325414",2.80663990974426,"2002","BEA2002"
"136","325510",2.69129300117493,"2002","BEA2002"
"137","325520",2.95380306243896,"2002","BEA2002"
"138","325610",1.74903500080109,"2002","BEA2002"
"139","325620",1.10300695896149,"2002","BEA2002"
"140","325910",3.48799800872803,"2002","BEA2002"
"141","3259A0",2.87631988525391,"2002","BEA2002"
"142","326110",2.79169201850891,"2002","BEA2002"
"143","326121",3.05381488800049,"2002","BEA2002"
"144","326122",2.70160889625549,"2002","BEA2002"
"145","326130",2.91364598274231,"2002","BEA2002"
"146","326140",2.39752197265625,"2002","BEA2002"
"147","326150",2.34512495994568,"2002","BEA2002"
"148","326160",2.48015403747559,"2002","BEA2002"
"149","32619A",2.41742992401123,"2002","BEA2002"
"150","326210",1.93841099739075,"2002","BEA2002"
"151","326220",2.62063503265381,"2002","BEA2002"
"152","326290",2.55310106277466,"2002","BEA2002"
"153","32711A",1.72748303413391,"2002","BEA2002"
"154","32712A",2.28848099708557,"2002","BEA2002"
"155","32712B",3.46483111381531,"2002","BEA2002"
"156","327211",3.09611701965332,"2002","BEA2002"
"157","327212",2.37557101249695,"2002","BEA2002"
"158","327213",2.2510929107666,"2002","BEA2002"
"159","327215",2.18225407600403,"2002","BEA2002"
"160","327310",2.98587203025818,"2002","BEA2002"
"161","327320",2.22578907012939,"2002","BEA2002"
"162","327330",2.28708696365356,"2002","BEA2002"
"163","327390",2.37834501266479,"2002","BEA2002"
"164","3274A0",2.60983896255493,"2002","BEA2002"
"165","327910",3.02838802337646,"2002","BEA2002"
"166","327991",1.71140897274017,"2002","BEA2002"
"167","327992",3.48570990562439,"2002","BEA2002"
"168","327993",2.28991103172302,"2002","BEA2002"
"169","327999",2.58711194992065,"2002","BEA2002"
"170","331110",3.35812497138977,"2002","BEA2002"
"171","331200",3.4499659538269,"2002","BEA2002"
"172","331314",4.06366491317749,"2002","BEA2002"
"173","33131A",3.81438589096069,"2002","BEA2002"
"174","33131B",3.13683390617371,"2002","BEA2002"
"175","331411",4.35470390319824,"2002","BEA2002"
"176","331419",3.41857290267944,"2002","BEA2002"
"177","331420",3.61085104942322,"2002","BEA2002"
"178","331490",3.39584708213806,"2002","BEA2002"
"179","331510",3.12927103042603,"2002","BEA2002"
"180","331520",3.19017100334167,"2002","BEA2002"
"181","332114",3.11478090286255,"2002","BEA2002"
"182","33211A",2.9585599899292,"2002","BEA2002"
"183","33211B",2.87030696868896,"2002","BEA2002"
"184","33221A",1.33991301059723,"2002","BEA2002"
"185","33221B",2.26828289031982,"2002","BEA2002"
"186","332310",2.64064598083496,"2002","BEA2002"
"187","332320",2.48167896270752,"2002","BEA2002"
"188","332410",2.03170394897461,"2002","BEA2002"
"189","332420",1.74966597557068,"2002","BEA2002"
"190","332430",2.6273410320282,"2002","BEA2002"
"191","332500",2.5492639541626,"2002","BEA2002"
"192","332600",2.73669505119324,"2002","BEA2002"
"193","332710",3.0293140411377,"2002","BEA2002"
"194","332720",2.96278810501099,"2002","BEA2002"
"195","332800",3.07583689689636,"2002","BEA2002"
"196","332913",2.34910106658936,"2002","BEA2002"
"197","33291A",2.73696899414062,"2002","BEA2002"
"198","332991",3.15458989143372,"2002","BEA2002"
"199","332996",2.38626408576965,"2002","BEA2002"
"200","33299A",1.6249760389328,"2002","BEA2002"
"201","33299B",1.23709905147552,"2002","BEA2002"
"202","33299C",2.64115691184998,"2002","BEA2002"
"203","333111",1.3637570142746,"2002","BEA2002"
"204","333112",1.20999896526337,"2002","BEA2002"
"205","333120",1.28629803657532,"2002","BEA2002"
"206","333130",1.76172196865082,"2002","BEA2002"
"207","333220",1.47388195991516,"2002","BEA2002"
"208","333295",1.51971304416656,"2002","BEA2002"
"209","33329A",1.57756495475769,"2002","BEA2002"
"210","333314",1.41059398651123,"2002","BEA2002"
"211","333315",1.11973798274994,"2002","BEA2002"
"212","333319",1.29482197761536,"2002","BEA2002"
"213","33331A",1.34713900089264,"2002","BEA2002"
"214","333414",1.97732603549957,"2002","BEA2002"
"215","333415",2.12390089035034,"2002","BEA2002"
"216","33341A",1.98750102519989,"2002","BEA2002"
"217","333511",1.34329795837402,"2002","BEA2002"
"218","333514",1.36808204650879,"2002","BEA2002"
"219","333515",3.15975093841553,"2002","BEA2002"
"220","33351A",1.40596497058868,"2002","BEA2002"
"221","33351B",1.17175197601318,"2002","BEA2002"
"222","333611",1.44155204296112,"2002","BEA2002"
"223","333612",2.83932089805603,"2002","BEA2002"
"224","333613",2.67028403282166,"2002","BEA2002"
"225","333618",2.25735807418823,"2002","BEA2002"
"226","333911",1.44306898117065,"2002","BEA2002"
"227","333912",1.29396295547485,"2002","BEA2002"
"228","333920",1.60230600833893,"2002","BEA2002"
"229","333991",1.13233804702759,"2002","BEA2002"
"230","333993",1.28223097324371,"2002","BEA2002"
"231","333994",1.59291899204254,"2002","BEA2002"
"232","33399A",1.61685800552368,"2002","BEA2002"
"233","33399B",2.6160249710083,"2002","BEA2002"
"234","334111",1.04281997680664,"2002","BEA2002"
"235","334112",1.78411900997162,"2002","BEA2002"
"236","33411A",1.68987500667572,"2002","BEA2002"
"237","334210",1.34811496734619,"2002","BEA2002"
"238","334220",1.35694801807404,"2002","BEA2002"
"239","334290",2.41097688674927,"2002","BEA2002"
"240","334300",1.13337397575378,"2002","BEA2002"
"241","334411",2.40331101417542,"2002","BEA2002"
"242","334412",2.99497294425964,"2002","BEA2002"
"243","334413",2.9085259437561,"2002","BEA2002"
"244","334417",2.75773406028748,"2002","BEA2002"
"245","334418",3.02650094032288,"2002","BEA2002"
"246","334419",2.78040790557861,"2002","BEA2002"
"247","33441A",2.94501090049744,"2002","BEA2002"
"248","334510",1.17904794216156,"2002","BEA2002"
"249","334511",1.37550497055054,"2002","BEA2002"
"250","334512",2.58485794067383,"2002","BEA2002"
"251","334513",1.81012904644012,"2002","BEA2002"
"252","334514",1.97021305561066,"2002","BEA2002"
"253","334515",1.37509894371033,"2002","BEA2002"
"254","334516",1.30569696426392,"2002","BEA2002"
"255","334517",1.14845705032349,"2002","BEA2002"
"256","33451A",1.37951302528381,"2002","BEA2002"
"257","334613",2.43109703063965,"2002","BEA2002"
"258","33461A",3.14885401725769,"2002","BEA2002"
"259","335110",1.9023699760437,"2002","BEA2002"
"260","335120",2.01792407035828,"2002","BEA2002"
"261","335210",1.1999249458313,"2002","BEA2002"
"262","335221",1.09354496002197,"2002","BEA2002"
"263","335222",1.05001497268677,"2002","BEA2002"
"264","335224",1.05677700042725,"2002","BEA2002"
"265","335228",1.46368801593781,"2002","BEA2002"
"266","335311",1.50391495227814,"2002","BEA2002"
"267","335312",2.34171390533447,"2002","BEA2002"
"268","335313",2.05185890197754,"2002","BEA2002"
"269","335314",2.7311749458313,"2002","BEA2002"
"270","335911",1.9757399559021,"2002","BEA2002"
"271","335912",1.12008595466614,"2002","BEA2002"
"272","335920",2.74173092842102,"2002","BEA2002"
"273","335930",2.42072701454163,"2002","BEA2002"
"274","335991",3.74842810630798,"2002","BEA2002"
"275","335999",1.33429801464081,"2002","BEA2002"
"276","336111",1.00033605098724,"2002","BEA2002"
"277","336112",1.00054001808167,"2002","BEA2002"
"278","336120",1.11767399311066,"2002","BEA2002"
"279","336211",1.61397695541382,"2002","BEA2002"
"280","336212",1.01652503013611,"2002","BEA2002"
"281","336213",1.0122549533844,"2002","BEA2002"
"282","336214",1.25869405269623,"2002","BEA2002"
"283","336300",2.29505109786987,"2002","BEA2002"
"284","336411",1.283282995224,"2002","BEA2002"
"285","336412",2.69418501853943,"2002","BEA2002"
"286","336413",2.43014693260193,"2002","BEA2002"
"287","336414",1.63301801681519,"2002","BEA2002"
"288","33641A",2.0216019153595,"2002","BEA2002"
"289","336500",1.77493596076965,"2002","BEA2002"
"290","336611",1.31144499778748,"2002","BEA2002"
"291","336612",1.03357601165771,"2002","BEA2002"
"292","336991",1.21989798545837,"2002","BEA2002"
"293","336992",1.06956303119659,"2002","BEA2002"
"294","336999",1.2242180109024,"2002","BEA2002"
"295","337110",2.10021901130676,"2002","BEA2002"
"296","337121",1.00724494457245,"2002","BEA2002"
"297","337122",1.00519895553589,"2002","BEA2002"
"298","337127",1.08654594421387,"2002","BEA2002"
"299","33712A",1.09581804275513,"2002","BEA2002"
"300","337212",1.22529101371765,"2002","BEA2002"
"301","337215",1.46820998191833,"2002","BEA2002"
"302","33721A",2.0079619884491,"2002","BEA2002"
"303","337910",1.02884495258331,"2002","BEA2002"
"304","337920",1.04127395153046,"2002","BEA2002"
"305","339111",1.03828096389771,"2002","BEA2002"
"306","339112",1.43845903873444,"2002","BEA2002"
"307","339113",1.69454205036163,"2002","BEA2002"
"308","339114",1.73396599292755,"2002","BEA2002"
"309","339115",1.05722904205322,"2002","BEA2002"
"310","339116",2.00651907920837,"2002","BEA2002"
"311","339910",1.13917899131775,"2002","BEA2002"
"312","339920",1.08496594429016,"2002","BEA2002"
"313","339930",1.03036797046661,"2002","BEA2002"
"314","339940",1.98070096969604,"2002","BEA2002"
"315","339950",1.13404095172882,"2002","BEA2002"
"316","339991",3.13291311264038,"2002","BEA2002"
"317","339992",1.15376305580139,"2002","BEA2002"
"318","339994",1.80924797058105,"2002","BEA2002"
"319","33999A",1.43600499629974,"2002","BEA2002"
"320","420000",1.89192199707031,"2002","BEA2002"
"321","481000",1.61376202106476,"2002","BEA2002"
"322","482000",2.88022208213806,"2002","BEA2002"
"323","483000",1.78876495361328,"2002","BEA2002"
"324","484000",2.19513893127441,"2002","BEA2002"
"325","485000",1.79061305522919,"2002","BEA2002"
"326","486000",3.05935311317444,"2002","BEA2002"
"327","48A000",2.81361508369446,"2002","BEA2002"
"328","491000",2.57802891731262,"2002","BEA2002"
"329","492000",2.94376111030579,"2002","BEA2002"
"330","493000",2.7523078918457,"2002","BEA2002"
"331","4A0000",1.12504601478577,"2002","BEA2002"
"332","511110",1.07841801643372,"2002","BEA2002"
"333","511120",1.55836403369904,"2002","BEA2002"
"334","511130",1.33391094207764,"2002","BEA2002"
"335","5111A0",1.82026505470276,"2002","BEA2002"
"336","511200",1.26013696193695,"2002","BEA2002"
"337","512100",2.5012640953064,"2002","BEA2002"
"338","512200",1.67850697040558,"2002","BEA2002"
"339","515100",4.0141167640686,"2002","BEA2002"
"340","515200",3.30521106719971,"2002","BEA2002"
"341","516110",3.03370809555054,"2002","BEA2002"
"342","517000",1.94102501869202,"2002","BEA2002"
"343","518100",1.62528502941132,"2002","BEA2002"
"344","518200",2.80474400520325,"2002","BEA2002"
"345","519100",1.77607405185699,"2002","BEA2002"
"346","522A00",2.34463405609131,"2002","BEA2002"
"347","523000",2.15841007232666,"2002","BEA2002"
"348","524100",1.66119396686554,"2002","BEA2002"
"349","524200",2.91480302810669,"2002","BEA2002"
"350","525000",1.1794159412384,"2002","BEA2002"
"351","52A000",2.1094388961792,"2002","BEA2002"
"352","531000",2.00687599182129,"2002","BEA2002"
"353","532100",2.0263659954071,"2002","BEA2002"
"354","532230",1,"2002","BEA2002"
"355","532400",2.8881139755249,"2002","BEA2002"
"356","532A00",1.64234900474548,"2002","BEA2002"
"357","533000",3.30829191207886,"2002","BEA2002"
"358","541100",2.14370894432068,"2002","BEA2002"
"359","541200",2.63802599906921,"2002","BEA2002"
"360","541300",2.26399397850037,"2002","BEA2002"
"361","541400",2.81028199195862,"2002","BEA2002"
"362","541511",1.07317996025085,"2002","BEA2002"
"363","541512",2.20782899856567,"2002","BEA2002"
"364","54151A",2.81205892562866,"2002","BEA2002"
"365","541610",2.87835597991943,"2002","BEA2002"
"366","5416A0",2.72558999061584,"2002","BEA2002"
"367","541700",2.46452188491821,"2002","BEA2002"
"368","541800",2.90979290008545,"2002","BEA2002"
"369","541920",1.65409600734711,"2002","BEA2002"
"370","541940",1.20828902721405,"2002","BEA2002"
"371","5419A0",2.99194097518921,"2002","BEA2002"
"372","550000",2.93048191070557,"2002","BEA2002"
"373","561100",2.78922200202942,"2002","BEA2002"
"374","561200",2.42175793647766,"2002","BEA2002"
"375","561300",2.84722495079041,"2002","BEA2002"
"376","561400",2.73925399780273,"2002","BEA2002"
"377","561500",2.26458597183228,"2002","BEA2002"
"378","561600",2.39354300498962,"2002","BEA2002"
"379","561700",2.60429906845093,"2002","BEA2002"
"380","561900",2.62367796897888,"2002","BEA2002"
"381","562000",2.37648606300354,"2002","BEA2002"
"382","611100",1,"2002","BEA2002"
"383","611A00",1.14885902404785,"2002","BEA2002"
"384","611B00",1.17720103263855,"2002","BEA2002"
"385","621600",1.00026202201843,"2002","BEA2002"
"386","621A00",1.00203704833984,"2002","BEA2002"
"387","621B00",1.18261504173279,"2002","BEA2002"
"388","622000",1.00252103805542,"2002","BEA2002"
"389","623000",1.00462996959686,"2002","BEA2002"
"390","624200",1.00239098072052,"2002","BEA2002"
"391","624400",1.02904999256134,"2002","BEA2002"
"392","624A00",1.01806604862213,"2002","BEA2002"
"393","711100",1.54808402061462,"2002","BEA2002"
"394","711200",2.52996802330017,"2002","BEA2002"
"395","711500",2.99243998527527,"2002","BEA2002"
"396","711A00",2.14094090461731,"2002","BEA2002"
"397","712000",1,"2002","BEA2002"
"398","713940",1.35060501098633,"2002","BEA2002"
"399","713950",1.02243804931641,"2002","BEA2002"
"400","713A00",1.00449502468109,"2002","BEA2002"
"401","713B00",1.34882605075836,"2002","BEA2002"
"402","7211A0",1.92282104492188,"2002","BEA2002"
"403","721A00",1.02160096168518,"2002","BEA2002"
"404","722000",1.38945603370667,"2002","BEA2002"
"405","811192",1.36402201652527,"2002","BEA2002"
"406","8111A0",1.44623398780823,"2002","BEA2002"
"407","811200",2.34729790687561,"2002","BEA2002"
"408","811300",2.91021203994751,"2002","BEA2002"
"409","811400",1.99276804924011,"2002","BEA2002"
"410","812100",1.0168080329895,"2002","BEA2002"
"411","812200",1,"2002","BEA2002"
"412","812300",1.66316103935242,"2002","BEA2002"
"413","812900",1.17463505268097,"2002","BEA2002"
"414","813100",1,"2002","BEA2002"
"415","813A00",1.00672101974487,"2002","BEA2002"
"416","813B00",1.86018598079681,"2002","BEA2002"
"417","814000",1,"2002","BEA2002"
"418","S00101",1,"2002","BEA2002"
"419","S00102",3.25180792808533,"2002","BEA2002"
"420","S00201",1,"2002","BEA2002"
"421","S00202",1,"2002","BEA2002"
"422","S00203",1.36487400531769,"2002","BEA2002"
"423","S00500",1,"2002","BEA2002"
"424","S00600",1,"2002","BEA2002"
"425","S00700",1,"2002","BEA2002"
"426","S00800",1,"2002","BEA2002"
"427","1111A0",4.63267047203317,"2007","BEA2007"
"428","1111B0",3.57631584178307,"2007","BEA2007"
"429","111200",1.16070406631346,"2007","BEA2007"
"430","111300",1.50276973580662,"2007","BEA2007"
"431","111400",1.79853715394438,"2007","BEA2007"
"432","111900",2.99941453421889,"2007","BEA2007"
"433","112120",2.66894428095259,"2007","BEA2007"
"434","1121A0",2.99887276037111,"2007","BEA2007"
"435","112300",2.47107831331437,"2007","BEA2007"
"436","112A00",2.50892909212098,"2007","BEA2007"
"437","113000",4.10875445746933,"2007","BEA2007"
"438","114000",2.05090573783036,"2007","BEA2007"
"439","115000",3.932105450579,"2007","BEA2007"
"440","211000",3.25474555158507,"2007","BEA2007"
"441","212100",3.43037086690674,"2007","BEA2007"
"442","212230",4.06612746778774,"2007","BEA2007"
"443","2122A0",4.43040525396827,"2007","BEA2007"
"444","212310",2.82649479774045,"2007","BEA2007"
"445","2123A0",3.20077122021576,"2007","BEA2007"
"446","213111",1.00277975859685,"2007","BEA2007"
"447","21311A",1.52679831535852,"2007","BEA2007"
"448","221100",2.19342377292924,"2007","BEA2007"
"449","221200",2.39715908253129,"2007","BEA2007"
"450","221300",1.85705674894052,"2007","BEA2007"
"451","230301",3.01233786186276,"2007","BEA2007"
"452","230302",2.04290291752341,"2007","BEA2007"
"453","233210",1,"2007","BEA2007"
"454","233230",1,"2007","BEA2007"
"455","233240",1,"2007","BEA2007"
"456","233262",1,"2007","BEA2007"
"457","2332A0",1,"2007","BEA2007"
"458","2332C0",1,"2007","BEA2007"
"459","2332D0",1,"2007","BEA2007"
"460","233411",1,"2007","BEA2007"
"461","233412",1,"2007","BEA2007"
"462","2334A0",1.03766882765609,"2007","BEA2007"
"463","311111",1.01421107453435,"2007","BEA2007"
"464","311119",3.39275353768926,"2007","BEA2007"
"465","311210",2.03306286365927,"2007","BEA2007"
"466","311221",2.83904620463545,"2007","BEA2007"
"467","311224",3.44704007271412,"2007","BEA2007"
"468","311225",2.45445423553883,"2007","BEA2007"
"469","311230",1.02208490145373,"2007","BEA2007"
"470","311300",1.45883293804982,"2007","BEA2007"
"471","311410",1.25564447508862,"2007","BEA2007"
"472","311420",1.37435412294968,"2007","BEA2007"
"473","311513",1.91600225085926,"2007","BEA2007"
"474","311514",1.70047567405152,"2007","BEA2007"
"475","31151A",1.48463018064524,"2007","BEA2007"
"476","311520",1.81861807419295,"2007","BEA2007"
"477","311615",1.54728829675946,"2007","BEA2007"
"478","31161A",1.65521576658796,"2007","BEA2007"
"479","311700",1.7976903353092,"2007","BEA2007"
"480","311810",1.18190895007558,"2007","BEA2007"
"481","3118A0",1.14108639509453,"2007","BEA2007"
"482","311910",1.13426191081436,"2007","BEA2007"
"483","311920",1.44779263576129,"2007","BEA2007"
"484","311930",2.24098734717109,"2007","BEA2007"
"485","311940",1.50244333899184,"2007","BEA2007"
"486","311990",1.30432322029645,"2007","BEA2007"
"487","312110",1.11528627910809,"2007","BEA2007"
"488","312120",1.11649241398345,"2007","BEA2007"
"489","312130",1.35739893413711,"2007","BEA2007"
"490","312140",1.44508923025887,"2007","BEA2007"
"491","312200",1.08768011637389,"2007","BEA2007"
"492","313100",2.7931454129448,"2007","BEA2007"
"493","313200",2.44602309712354,"2007","BEA2007"
"494","313300",2.77014122163746,"2007","BEA2007"
"495","314110",1.09174309696701,"2007","BEA2007"
"496","314120",1.64703562363434,"2007","BEA2007"
"497","314900",2.04530286816953,"2007","BEA2007"
"498","315000",1.17816656096443,"2007","BEA2007"
"499","316000",1.17717198335322,"2007","BEA2007"
"500","321100",3.26046701805171,"2007","BEA2007"
"501","321200",2.57365335533905,"2007","BEA2007"
"502","321910",2.72839499284328,"2007","BEA2007"
"503","3219A0",2.1060873043607,"2007","BEA2007"
"504","322110",3.71185300535944,"2007","BEA2007"
"505","322120",2.7634801569875,"2007","BEA2007"
"506","322130",3.50937968277867,"2007","BEA2007"
"507","322210",2.85947288299576,"2007","BEA2007"
"508","322220",2.81576723741455,"2007","BEA2007"
"509","322230",2.28716657907717,"2007","BEA2007"
"510","322291",1.45030816448049,"2007","BEA2007"
"511","322299",2.39564246791997,"2007","BEA2007"
"512","323110",2.62184317404353,"2007","BEA2007"
"513","323120",2.97828960648621,"2007","BEA2007"
"514","324110",2.17449133156697,"2007","BEA2007"
"515","324121",2.33023686702381,"2007","BEA2007"
"516","324122",2.52763428432536,"2007","BEA2007"
"517","324190",2.68770252664763,"2007","BEA2007"
"518","325110",4.94269809711841,"2007","BEA2007"
"519","325120",3.32991855076762,"2007","BEA2007"
"520","325130",3.55720229419603,"2007","BEA2007"
"521","325180",3.33996535581537,"2007","BEA2007"
"522","325190",3.86877139443459,"2007","BEA2007"
"523","325211",3.62902127412235,"2007","BEA2007"
"524","3252A0",2.96229169119215,"2007","BEA2007"
"525","325310",3.81752554213017,"2007","BEA2007"
"526","325320",3.15177495315129,"2007","BEA2007"
"527","325411",2.49127069522973,"2007","BEA2007"
"528","325412",1.2671390199257,"2007","BEA2007"
"529","325413",2.02225712679842,"2007","BEA2007"
"530","325414",2.42537880462851,"2007","BEA2007"
"531","325510",2.89294130568123,"2007","BEA2007"
"532","325520",2.95325443041293,"2007","BEA2007"
"533","325610",1.99659699762924,"2007","BEA2007"
"534","325620",1.23893542552236,"2007","BEA2007"
"535","325910",3.54563658907864,"2007","BEA2007"
"536","3259A0",3.07780541277316,"2007","BEA2007"
"537","326110",2.9022831649163,"2007","BEA2007"
"538","326120",3.00957007842953,"2007","BEA2007"
"539","326130",3.03303091633825,"2007","BEA2007"
"540","326140",2.3390136348753,"2007","BEA2007"
"541","326150",2.27317009065791,"2007","BEA2007"
"542","326160",2.39765152838299,"2007","BEA2007"
"543","326190",2.40372190637208,"2007","BEA2007"
"544","326210",1.87461230826193,"2007","BEA2007"
"545","326220",2.66219108679434,"2007","BEA2007"
"546","326290",2.50874012954046,"2007","BEA2007"
"547","327100",2.23789865132403,"2007","BEA2007"
"548","327200",2.3603256922961,"2007","BEA2007"
"549","327310",3.23333587646357,"2007","BEA2007"
"550","327320",2.29798298867763,"2007","BEA2007"
"551","327330",2.3858793346335,"2007","BEA2007"
"552","327390",2.28970882836893,"2007","BEA2007"
"553","327400",2.98296706218389,"2007","BEA2007"
"554","327910",3.05008730657391,"2007","BEA2007"
"555","327991",1.5903489346756,"2007","BEA2007"
"556","327992",3.8730188719237,"2007","BEA2007"
"557","327993",2.50697763444805,"2007","BEA2007"
"558","327999",2.56841935368175,"2007","BEA2007"
"559","331110",3.47775479451411,"2007","BEA2007"
"560","331200",3.50335104213809,"2007","BEA2007"
"561","331313",3.71048656743187,"2007","BEA2007"
"562","331314",1,"2007","BEA2007"
"563","33131B",3.10478107067865,"2007","BEA2007"
"564","331410",3.93092715258354,"2007","BEA2007"
"565","331420",3.75207607041375,"2007","BEA2007"
"566","331490",3.52293533434931,"2007","BEA2007"
"567","331510",3.26230464934451,"2007","BEA2007"
"568","331520",3.15615689880724,"2007","BEA2007"
"569","332114",2.99165315490609,"2007","BEA2007"
"570","332119",2.85201222495016,"2007","BEA2007"
"571","33211A",3.26813464248153,"2007","BEA2007"
"572","332200",1.99083069093376,"2007","BEA2007"
"573","332310",2.71236732482066,"2007","BEA2007"
"574","332320",2.5617600795722,"2007","BEA2007"
"575","332410",1.91061572464787,"2007","BEA2007"
"576","332420",1.8779295426848,"2007","BEA2007"
"577","332430",2.59961398233372,"2007","BEA2007"
"578","332500",2.72354173643907,"2007","BEA2007"
"579","332600",3.06888887700916,"2007","BEA2007"
"580","332710",3.23169668423361,"2007","BEA2007"
"581","332720",3.0516379925084,"2007","BEA2007"
"582","332800",3.20594272959715,"2007","BEA2007"
"583","332913",2.51802816650343,"2007","BEA2007"
"584","33291A",2.72805492806765,"2007","BEA2007"
"585","332991",3.23303929201575,"2007","BEA2007"
"586","332996",2.52910143323788,"2007","BEA2007"
"587","332999",2.63216972477676,"2007","BEA2007"
"588","33299A",1.47153867324306,"2007","BEA2007"
"589","333111",1.49208342989232,"2007","BEA2007"
"590","333112",1.27775593068509,"2007","BEA2007"
"591","333120",1.34071224947274,"2007","BEA2007"
"592","333130",1.98172608167715,"2007","BEA2007"
"593","333242",1.46548854066077,"2007","BEA2007"
"594","33329A",1.54178465399673,"2007","BEA2007"
"595","333314",1.36817712849165,"2007","BEA2007"
"596","333316",1.2614723727097,"2007","BEA2007"
"597","333318",1.54529986231046,"2007","BEA2007"
"598","333413",1.98563595035557,"2007","BEA2007"
"599","333414",2.06360623452474,"2007","BEA2007"
"600","333415",2.17308634937399,"2007","BEA2007"
"601","333511",1.42739835642487,"2007","BEA2007"
"602","333514",1.38586405071146,"2007","BEA2007"
"603","333517",1.3646449613293,"2007","BEA2007"
"604","33351B",2.28391216518139,"2007","BEA2007"
"605","333611",1.28634551981168,"2007","BEA2007"
"606","333612",2.97841002998393,"2007","BEA2007"
"607","333613",2.92820241938534,"2007","BEA2007"
"608","333618",2.3383216031043,"2007","BEA2007"
"609","333912",1.47100975919193,"2007","BEA2007"
"610","33391A",1.54359298777808,"2007","BEA2007"
"611","333920",1.55089193186268,"2007","BEA2007"
"612","333991",1.58444171802444,"2007","BEA2007"
"613","333993",1.31064907396626,"2007","BEA2007"
"614","333994",1.50531812750683,"2007","BEA2007"
"615","33399A",1.50938745023996,"2007","BEA2007"
"616","33399B",2.65848215966798,"2007","BEA2007"
"617","334111",1.07205113639438,"2007","BEA2007"
"618","334112",1.21522687720312,"2007","BEA2007"
"619","334118",1.84039488735471,"2007","BEA2007"
"620","334210",1.92455482011428,"2007","BEA2007"
"621","334220",1.61059975417083,"2007","BEA2007"
"622","334290",2.38297453787709,"2007","BEA2007"
"623","334300",1.08393598120614,"2007","BEA2007"
"624","334413",2.85918159868561,"2007","BEA2007"
"625","334418",3.11780744845237,"2007","BEA2007"
"626","33441A",3.01272128701567,"2007","BEA2007"
"627","334510",1.05503836990078,"2007","BEA2007"
"628","334511",1.35426692029841,"2007","BEA2007"
"629","334512",2.63370483313702,"2007","BEA2007"
"630","334513",1.87211049475627,"2007","BEA2007"
"631","334514",2.01470965659973,"2007","BEA2007"
"632","334515",1.83169332984926,"2007","BEA2007"
"633","334516",1.35716761644449,"2007","BEA2007"
"634","334517",1.24165278022288,"2007","BEA2007"
"635","33451A",1.3452699358736,"2007","BEA2007"
"636","334610",2.82654920523964,"2007","BEA2007"
"637","335110",2.11850307817986,"2007","BEA2007"
"638","335120",2.25027474183116,"2007","BEA2007"
"639","335210",1.29129650466871,"2007","BEA2007"
"640","335221",1.23353447711247,"2007","BEA2007"
"641","335222",1.25215732369361,"2007","BEA2007"
"642","335224",1.12295846868741,"2007","BEA2007"
"643","335228",1.80137347428877,"2007","BEA2007"
"644","335311",1.52605337826208,"2007","BEA2007"
"645","335312",2.43370864067219,"2007","BEA2007"
"646","335313",2.03618945824928,"2007","BEA2007"
"647","335314",2.6891712418128,"2007","BEA2007"
"648","335911",2.23371522370508,"2007","BEA2007"
"649","335912",1.20834650873826,"2007","BEA2007"
"650","335920",3.00828908682888,"2007","BEA2007"
"651","335930",2.48339572650821,"2007","BEA2007"
"652","335991",4.02612252992549,"2007","BEA2007"
"653","335999",1.45446818255368,"2007","BEA2007"
"654","336111",1.0005749464035,"2007","BEA2007"
"655","336112",1.00113386321388,"2007","BEA2007"
"656","336120",1.16215293391243,"2007","BEA2007"
"657","336211",1.6214201912442,"2007","BEA2007"
"658","336212",1.03923143927048,"2007","BEA2007"
"659","336213",1.00078845024109,"2007","BEA2007"
"660","336214",1.33905498557533,"2007","BEA2007"
"661","336310",2.23118853535107,"2007","BEA2007"
"662","336320",2.45466324401605,"2007","BEA2007"
"663","336350",2.17969416493179,"2007","BEA2007"
"664","336360",2.09527749503016,"2007","BEA2007"
"665","336370",2.32864237093872,"2007","BEA2007"
"666","336390",2.47523583023576,"2007","BEA2007"
"667","3363A0",2.46019729178443,"2007","BEA2007"
"668","336411",1.34501110227481,"2007","BEA2007"
"669","336412",3.16907982609581,"2007","BEA2007"
"670","336413",2.75621799774513,"2007","BEA2007"
"671","336414",1.93204431847209,"2007","BEA2007"
"672","33641A",2.21027281176288,"2007","BEA2007"
"673","336500",1.5896262788483,"2007","BEA2007"
"674","336611",1.34056843775522,"2007","BEA2007"
"675","336612",1.05732308320367,"2007","BEA2007"
"676","336991",1.12460267493691,"2007","BEA2007"
"677","336992",1.50299032433401,"2007","BEA2007"
"678","336999",1.27513377492346,"2007","BEA2007"
"679","337110",2.27970097883099,"2007","BEA2007"
"680","337121",1.00648788366818,"2007","BEA2007"
"681","337122",1.02560542054871,"2007","BEA2007"
"682","337127",1.08592669258141,"2007","BEA2007"
"683","33712N",1.09659943894289,"2007","BEA2007"
"684","337215",1.5608764048784,"2007","BEA2007"
"685","33721A",1.29880068449856,"2007","BEA2007"
"686","337900",1.07638419145927,"2007","BEA2007"
"687","339112",1.42527938741919,"2007","BEA2007"
"688","339113",1.67599089215082,"2007","BEA2007"
"689","339114",1.71637629358912,"2007","BEA2007"
"690","339115",1.00823185530692,"2007","BEA2007"
"691","339116",2.00260627095934,"2007","BEA2007"
"692","339910",1.0598097787741,"2007","BEA2007"
"693","339920",1.08446550366962,"2007","BEA2007"
"694","339930",1.16939422305664,"2007","BEA2007"
"695","339940",1.69005366437159,"2007","BEA2007"
"696","339950",1.12035926123474,"2007","BEA2007"
"697","339990",1.71577990794503,"2007","BEA2007"
"698","4200ID",1,"2007","BEA2007"
"699","423100",1.75928087222746,"2007","BEA2007"
"700","423400",1.65178586523325,"2007","BEA2007"
"701","423600",1.95038903357272,"2007","BEA2007"
"702","423800",1.95863922866192,"2007","BEA2007"
"703","423A00",2.44638130285603,"2007","BEA2007"
"704","424200",1.53634995660173,"2007","BEA2007"
"705","424400",1.66508448806962,"2007","BEA2007"
"706","424700",2.12702741211433,"2007","BEA2007"
"707","424A00",2.04255478306914,"2007","BEA2007"
"708","425000",2.88424040974132,"2007","BEA2007"
"709","441000",1.16257937921591,"2007","BEA2007"
"710","444000",1.89291885549846,"2007","BEA2007"
"711","445000",1.02231320045905,"2007","BEA2007"
"712","446000",1.00444063523227,"2007","BEA2007"
"713","447000",1.32574602408249,"2007","BEA2007"
"714","448000",1.01369304513201,"2007","BEA2007"
"715","452000",1.05911653021883,"2007","BEA2007"
"716","454000",1.13188197345744,"2007","BEA2007"
"717","481000",1.848279427546,"2007","BEA2007"
"718","482000",3.02922094646055,"2007","BEA2007"
"719","483000",1.99867632994392,"2007","BEA2007"
"720","484000",2.08206677902672,"2007","BEA2007"
"721","485000",1.85583334273451,"2007","BEA2007"
"722","486000",3.08745807042214,"2007","BEA2007"
"723","48A000",3.07011655884344,"2007","BEA2007"
"724","491000",2.62536771680971,"2007","BEA2007"
"725","492000",2.86636028960856,"2007","BEA2007"
"726","493000",2.61897635936111,"2007","BEA2007"
"727","4B0000",1.07081959346181,"2007","BEA2007"
"728","511110",1.06707048715572,"2007","BEA2007"
"729","511120",1.5181211271838,"2007","BEA2007"
"730","511130",1.12821814060662,"2007","BEA2007"
"731","5111A0",1.51074574259383,"2007","BEA2007"
"732","511200",1.36323721587769,"2007","BEA2007"
"733","512100",1.93514280072441,"2007","BEA2007"
"734","512200",1.57931429121163,"2007","BEA2007"
"735","515100",1.65120498293572,"2007","BEA2007"
"736","515200",2.27989298418561,"2007","BEA2007"
"737","517110",1.95474245884543,"2007","BEA2007"
"738","517210",1.86586403245019,"2007","BEA2007"
"739","517A00",2.12106276973645,"2007","BEA2007"
"740","518200",2.27792299037174,"2007","BEA2007"
"741","519130",2.76414115526495,"2007","BEA2007"
"742","5191A0",1.87142328849131,"2007","BEA2007"
"743","522A00",2.52886122169366,"2007","BEA2007"
"744","523900",2.1107807899898,"2007","BEA2007"
"745","523A00",2.62685549402886,"2007","BEA2007"
"746","524113",1,"2007","BEA2007"
"747","5241XX",1.97485999244873,"2007","BEA2007"
"748","524200",3.31211167279616,"2007","BEA2007"
"749","525000",1.25921706020563,"2007","BEA2007"
"750","52A000",2.35121603486732,"2007","BEA2007"
"751","531HSO",1,"2007","BEA2007"
"752","531HST",1,"2007","BEA2007"
"753","531ORE",2.5519640300281,"2007","BEA2007"
"754","532100",2.03518969043216,"2007","BEA2007"
"755","532400",2.85470594094659,"2007","BEA2007"
"756","532A00",1.65308671806088,"2007","BEA2007"
"757","533000",3.08657093792863,"2007","BEA2007"
"758","541100",2.04139264699916,"2007","BEA2007"
"759","541200",2.67989290574405,"2007","BEA2007"
"760","541300",2.5036364432126,"2007","BEA2007"
"761","541400",2.71792496696435,"2007","BEA2007"
"762","541511",1.04904195884529,"2007","BEA2007"
"763","541512",2.37082649493095,"2007","BEA2007"
"764","54151A",2.99517185588775,"2007","BEA2007"
"765","541610",2.84940759139863,"2007","BEA2007"
"766","5416A0",2.91252928103131,"2007","BEA2007"
"767","541700",1.06578043133834,"2007","BEA2007"
"768","541800",2.84363858212964,"2007","BEA2007"
"769","541920",1.68574626534792,"2007","BEA2007"
"770","541940",1.13770718261098,"2007","BEA2007"
"771","5419A0",2.94279283336073,"2007","BEA2007"
"772","550000",2.77657608047593,"2007","BEA2007"
"773","561100",2.94287246500244,"2007","BEA2007"
"774","561200",2.74022127810895,"2007","BEA2007"
"775","561300",3.06992401183743,"2007","BEA2007"
"776","561400",2.95088760394356,"2007","BEA2007"
"777","561500",2.24850241375316,"2007","BEA2007"
"778","561600",2.76448094650914,"2007","BEA2007"
"779","561700",2.83853194268158,"2007","BEA2007"
"780","561900",2.84446151679367,"2007","BEA2007"
"781","562000",2.5382401462557,"2007","BEA2007"
"782","611100",1,"2007","BEA2007"
"783","611A00",1.04669973177988,"2007","BEA2007"
"784","611B00",1.21749509693359,"2007","BEA2007"
"785","621100",1.00111837801524,"2007","BEA2007"
"786","621200",1,"2007","BEA2007"
"787","621300",1.00886630918831,"2007","BEA2007"
"788","621400",1.0102290387731,"2007","BEA2007"
"789","621500",1.23145566073463,"2007","BEA2007"
"790","621600",1,"2007","BEA2007"
"791","621900",1.29361125448861,"2007","BEA2007"
"792","622000",1.00017845630646,"2007","BEA2007"
"793","623A00",1.01798568898812,"2007","BEA2007"
"794","623B00",1.00418422184885,"2007","BEA2007"
"795","624100",1,"2007","BEA2007"
"796","624400",1.02087255194783,"2007","BEA2007"
"797","624A00",1,"2007","BEA2007"
"798","711100",1.33451335447535,"2007","BEA2007"
"799","711200",1.83530817303199,"2007","BEA2007"
"800","711500",2.91561348909818,"2007","BEA2007"
"801","711A00",2.27824622248772,"2007","BEA2007"
"802","712000",1,"2007","BEA2007"
"803","713100",1.0599751272955,"2007","BEA2007"
"804","713200",1.00313057018779,"2007","BEA2007"
"805","713900",1.35758178989181,"2007","BEA2007"
"806","721000",1.62824280613404,"2007","BEA2007"
"807","722110",1.50813833005304,"2007","BEA2007"
"808","722211",1.16947500508695,"2007","BEA2007"
"809","722A00",1.67981859632346,"2007","BEA2007"
"810","811100",1.54485933357319,"2007","BEA2007"
"811","811200",2.53920998624017,"2007","BEA2007"
"812","811300",2.96527386650268,"2007","BEA2007"
"813","811400",1.97803410620509,"2007","BEA2007"
"814","812100",1.0063246623904,"2007","BEA2007"
"815","812200",1,"2007","BEA2007"
"816","812300",1.75500975326759,"2007","BEA2007"
"817","812900",1.24434662298836,"2007","BEA2007"
"818","813100",1,"2007","BEA2007"
"819","813A00",1.00896831529469,"2007","BEA2007"
"820","813B00",1.71670252391414,"2007","BEA2007"
"821","814000",1,"2007","BEA2007"
"822","GSLGE",1,"2007","BEA2007"
"823","GSLGH",1,"2007","BEA2007"
"824","GSLGO",1,"2007","BEA2007"
"825","S00101",1,"2007","BEA2007"
"826","S00102",3.22600024460189,"2007","BEA2007"
"827","S00201",1,"2007","BEA2007"
"828","S00202",1,"2007","BEA2007"
"829","S00203",1.48687537044862,"2007","BEA2007"
"830","S00500",1,"2007","BEA2007"
"831","S00600",1,"2007","BEA2007"
"832","1111A0",4.54596600290824,"2012","BEA2012"
"833","1111B0",3.68011027919783,"2012","BEA2012"
"834","111200",1.22518410141294,"2012","BEA2012"
"835","111300",1.65302380500765,"2012","BEA2012"
"836","111400",1.91066866758229,"2012","BEA2012"
"837","111900",2.53941990487283,"2012","BEA2012"
"838","112120",2.75466718413884,"2012","BEA2012"
"839","1121A0",3.12442427021119,"2012","BEA2012"
"840","112300",2.37817987539961,"2012","BEA2012"
"841","112A00",2.48841043284142,"2012","BEA2012"
"842","113000",4.12519309641721,"2012","BEA2012"
"843","114000",2.0416376169137,"2012","BEA2012"
"844","115000",4.06154097126273,"2012","BEA2012"
"845","211000",3.19191245857473,"2012","BEA2012"
"846","212100",3.28662405214345,"2012","BEA2012"
"847","212230",4.05706985076176,"2012","BEA2012"
"848","2122A0",4.51198453482357,"2012","BEA2012"
"849","212310",3.04770175933845,"2012","BEA2012"
"850","2123A0",3.63238378111055,"2012","BEA2012"
"851","213111",1.00020139495485,"2012","BEA2012"
"852","21311A",1.38874814683049,"2012","BEA2012"
"853","221100",2.32791048063518,"2012","BEA2012"
"854","221200",2.19668521941276,"2012","BEA2012"
"855","221300",1.95557741178163,"2012","BEA2012"
"856","230301",2.96084574959968,"2012","BEA2012"
"857","230302",2.05871197597673,"2012","BEA2012"
"858","233210",1,"2012","BEA2012"
"859","233230",1,"2012","BEA2012"
"860","233240",1,"2012","BEA2012"
"861","233262",1,"2012","BEA2012"
"862","2332A0",1,"2012","BEA2012"
"863","2332C0",1,"2012","BEA2012"
"864","2332D0",1,"2012","BEA2012"
"865","233411",1,"2012","BEA2012"
"866","233412",1,"2012","BEA2012"
"867","2334A0",1.04338028352328,"2012","BEA2012"
"868","311111",1.2069579069448,"2012","BEA2012"
"869","311119",3.42406451367606,"2012","BEA2012"
"870","311210",2.0804446989456,"2012","BEA2012"
"871","311221",2.86599932150239,"2012","BEA2012"
"872","311224",3.45063606649273,"2012","BEA2012"
"873","311225",2.54235803929532,"2012","BEA2012"
"874","311230",1.04510857228378,"2012","BEA2012"
"875","311300",1.59999144360921,"2012","BEA2012"
"876","311410",1.26845984359869,"2012","BEA2012"
"877","311420",1.4115551176306,"2012","BEA2012"
"878","311513",2.00442220925561,"2012","BEA2012"
"879","311514",1.86090454619034,"2012","BEA2012"
"880","31151A",1.49422071663059,"2012","BEA2012"
"881","311520",1.84524653035783,"2012","BEA2012"
"882","311615",1.50406973397173,"2012","BEA2012"
"883","31161A",1.68000531633027,"2012","BEA2012"
"884","311700",1.76298082785388,"2012","BEA2012"
"885","311810",1.14329465489368,"2012","BEA2012"
"886","3118A0",1.12387277795381,"2012","BEA2012"
"887","311910",1.1756154820593,"2012","BEA2012"
"888","311920",1.56534721860226,"2012","BEA2012"
"889","311930",2.30087695418933,"2012","BEA2012"
"890","311940",1.59377659433949,"2012","BEA2012"
"891","311990",1.28952975502267,"2012","BEA2012"
"892","312110",1.1492567712861,"2012","BEA2012"
"893","312120",1.30902979319035,"2012","BEA2012"
"894","312130",1.35526087941776,"2012","BEA2012"
"895","312140",2.00268190860538,"2012","BEA2012"
"896","312200",1.05883313447703,"2012","BEA2012"
"897","313100",2.98327656286074,"2012","BEA2012"
"898","313200",2.58259919748434,"2012","BEA2012"
"899","313300",2.84274761319466,"2012","BEA2012"
"900","314110",1.3372266361452,"2012","BEA2012"
"901","314120",1.52236893808117,"2012","BEA2012"
"902","314900",2.15132971733874,"2012","BEA2012"
"903","315000",1.08992977770254,"2012","BEA2012"
"904","316000",1.1690938548727,"2012","BEA2012"
"905","321100",3.4787485593115,"2012","BEA2012"
"906","321200",2.69952753373946,"2012","BEA2012"
"907","321910",2.97755445917574,"2012","BEA2012"
"908","3219A0",2.20273944720611,"2012","BEA2012"
"909","322110",3.63978223540835,"2012","BEA2012"
"910","322120",2.6526978719412,"2012","BEA2012"
"911","322130",3.56274300819496,"2012","BEA2012"
"912","322210",2.90396625218273,"2012","BEA2012"
"913","322220",2.76423859228453,"2012","BEA2012"
"914","322230",2.30995178045578,"2012","BEA2012"
"915","322291",1.46312102770423,"2012","BEA2012"
"916","322299",2.36863746180643,"2012","BEA2012"
"917","323110",2.5672275035904,"2012","BEA2012"
"918","323120",3.03583201207221,"2012","BEA2012"
"919","324110",2.1413011761324,"2012","BEA2012"
"920","324121",2.58404130547387,"2012","BEA2012"
"921","324122",2.67160027738464,"2012","BEA2012"
"922","324190",2.77907755055276,"2012","BEA2012"
"923","325110",4.83082607902179,"2012","BEA2012"
"924","325120",3.42060686834157,"2012","BEA2012"
"925","325130",3.66732425778901,"2012","BEA2012"
"926","325180",3.51785204082262,"2012","BEA2012"
"927","325190",3.82452690184437,"2012","BEA2012"
"928","325211",3.77011115244386,"2012","BEA2012"
"929","3252A0",3.12593540733178,"2012","BEA2012"
"930","325310",4.00003812506475,"2012","BEA2012"
"931","325320",3.69237376027559,"2012","BEA2012"
"932","325411",2.37897686553555,"2012","BEA2012"
"933","325412",1.10758667698303,"2012","BEA2012"
"934","325413",2.02460767268946,"2012","BEA2012"
"935","325414",2.45468378297812,"2012","BEA2012"
"936","325510",2.91175746333465,"2012","BEA2012"
"937","325520",3.17535309722734,"2012","BEA2012"
"938","325610",2.08084294173568,"2012","BEA2012"
"939","325620",1.09839738715931,"2012","BEA2012"
"940","325910",3.57102598108031,"2012","BEA2012"
"941","3259A0",3.17610517337016,"2012","BEA2012"
"942","326110",2.98407775576197,"2012","BEA2012"
"943","326120",3.00217943469033,"2012","BEA2012"
"944","326130",3.1380504964618,"2012","BEA2012"
"945","326140",2.44263496595522,"2012","BEA2012"
"946","326150",2.3417143445713,"2012","BEA2012"
"947","326160",2.47069689071304,"2012","BEA2012"
"948","326190",2.54611586969258,"2012","BEA2012"
"949","326210",1.99399863098824,"2012","BEA2012"
"950","326220",2.75971947770449,"2012","BEA2012"
"951","326290",2.57980212050097,"2012","BEA2012"
"952","327100",2.40091179237243,"2012","BEA2012"
"953","327200",2.51588612946398,"2012","BEA2012"
"954","327310",3.35989435281226,"2012","BEA2012"
"955","327320",2.46777395873323,"2012","BEA2012"
"956","327330",2.48748731757587,"2012","BEA2012"
"957","327390",2.41998727626378,"2012","BEA2012"
"958","327400",3.32356750168401,"2012","BEA2012"
"959","327910",3.14900071986267,"2012","BEA2012"
"960","327991",1.61188171443746,"2012","BEA2012"
"961","327992",3.80612142670361,"2012","BEA2012"
"962","327993",2.64808379047918,"2012","BEA2012"
"963","327999",2.70300831338864,"2012","BEA2012"
"964","331110",3.55479256846229,"2012","BEA2012"
"965","331200",3.66173692508528,"2012","BEA2012"
"966","331313",3.82047911659174,"2012","BEA2012"
"967","331314",1,"2012","BEA2012"
"968","33131B",3.15711583239317,"2012","BEA2012"
"969","331410",4.1555946843182,"2012","BEA2012"
"970","331420",3.93778042891063,"2012","BEA2012"
"971","331490",3.61462890277471,"2012","BEA2012"
"972","331510",3.27738025003418,"2012","BEA2012"
"973","331520",3.29262818624557,"2012","BEA2012"
"974","332114",3.11795602537677,"2012","BEA2012"
"975","332119",2.87164423882496,"2012","BEA2012"
"976","33211A",3.29549655282244,"2012","BEA2012"
"977","332200",2.03191627047818,"2012","BEA2012"
"978","332310",2.72402670990414,"2012","BEA2012"
"979","332320",2.71499752133604,"2012","BEA2012"
"980","332410",1.93159881909742,"2012","BEA2012"
"981","332420",1.83554036454098,"2012","BEA2012"
"982","332430",2.68703566917247,"2012","BEA2012"
"983","332500",2.7659181882409,"2012","BEA2012"
"984","332600",3.06008942318113,"2012","BEA2012"
"985","332710",3.30129976553872,"2012","BEA2012"
"986","332720",3.17065151798306,"2012","BEA2012"
"987","332800",3.28794501847733,"2012","BEA2012"
"988","332913",2.73038802595875,"2012","BEA2012"
"989","33291A",2.81216989067616,"2012","BEA2012"
"990","332991",3.28730339849972,"2012","BEA2012"
"991","332996",2.70209699827865,"2012","BEA2012"
"992","332999",2.68025066312111,"2012","BEA2012"
"993","33299A",1.55630741125697,"2012","BEA2012"
"994","333111",1.39947863334851,"2012","BEA2012"
"995","333112",1.50072486306999,"2012","BEA2012"
"996","333120",1.33568100314801,"2012","BEA2012"
"997","333130",1.40778106917105,"2012","BEA2012"
"998","333242",1.39599854424887,"2012","BEA2012"
"999","33329A",1.57528269805516,"2012","BEA2012"
"1000","333314",1.575496012862,"2012","BEA2012"
"1001","333316",1.1762193058853,"2012","BEA2012"
"1002","333318",1.71150186428804,"2012","BEA2012"
"1003","333413",2.40678805991047,"2012","BEA2012"
"1004","333414",2.39317501750338,"2012","BEA2012"
"1005","333415",2.31695147074788,"2012","BEA2012"
"1006","333511",1.60634593500799,"2012","BEA2012"
"1007","333514",1.40655733031008,"2012","BEA2012"
"1008","333517",1.33323917305461,"2012","BEA2012"
"1009","33351B",2.34297532970595,"2012","BEA2012"
"1010","333611",1.41447029272649,"2012","BEA2012"
"1011","333612",3.08820062048835,"2012","BEA2012"
"1012","333613",2.97836998062121,"2012","BEA2012"
"1013","333618",2.35038414140126,"2012","BEA2012"
"1014","333912",1.46873526754644,"2012","BEA2012"
"1015","33391A",1.5942013866952,"2012","BEA2012"
"1016","333920",1.5998445296409,"2012","BEA2012"
"1017","333991",1.45091201250693,"2012","BEA2012"
"1018","333993",1.4667350881968,"2012","BEA2012"
"1019","333994",1.67150640707951,"2012","BEA2012"
"1020","33399A",1.66795596056363,"2012","BEA2012"
"1021","33399B",2.69574888859279,"2012","BEA2012"
"1022","334111",1.03191474724446,"2012","BEA2012"
"1023","334112",1.27593021772327,"2012","BEA2012"
"1024","334118",1.72696196496145,"2012","BEA2012"
"1025","334210",2.0479052044866,"2012","BEA2012"
"1026","334220",1.42045225097445,"2012","BEA2012"
"1027","334290",2.42550792364273,"2012","BEA2012"
"1028","334300",1.12380823889879,"2012","BEA2012"
"1029","334413",3.0952889577311,"2012","BEA2012"
"1030","334418",3.29152697666723,"2012","BEA2012"
"1031","33441A",3.07009413160995,"2012","BEA2012"
"1032","334510",1.19088212128932,"2012","BEA2012"
"1033","334511",1.363712575546,"2012","BEA2012"
"1034","334512",2.84809456169205,"2012","BEA2012"
"1035","334513",1.80627890596406,"2012","BEA2012"
"1036","334514",2.06878552352282,"2012","BEA2012"
"1037","334515",1.73674602058327,"2012","BEA2012"
"1038","334516",1.31025165296205,"2012","BEA2012"
"1039","334517",1.13770817771922,"2012","BEA2012"
"1040","33451A",1.39458230267974,"2012","BEA2012"
"1041","334610",2.89593043419882,"2012","BEA2012"
"1042","335110",2.10557557489119,"2012","BEA2012"
"1043","335120",2.33006804192155,"2012","BEA2012"
"1044","335210",1.29006663361588,"2012","BEA2012"
"1045","335221",1.12539907765836,"2012","BEA2012"
"1046","335222",1.08639041241304,"2012","BEA2012"
"1047","335224",1.10085774608524,"2012","BEA2012"
"1048","335228",1.79804853665303,"2012","BEA2012"
"1049","335311",1.42661974097382,"2012","BEA2012"
"1050","335312",2.47378317782932,"2012","BEA2012"
"1051","335313",1.95117904350445,"2012","BEA2012"
"1052","335314",2.83547962669036,"2012","BEA2012"
"1053","335911",2.09679022140153,"2012","BEA2012"
"1054","335912",1.04928791855133,"2012","BEA2012"
"1055","335920",3.08503397678942,"2012","BEA2012"
"1056","335930",2.60085819359301,"2012","BEA2012"
"1057","335991",3.94955609809404,"2012","BEA2012"
"1058","335999",1.68046202745973,"2012","BEA2012"
"1059","336111",1.0008670091629,"2012","BEA2012"
"1060","336112",1.0016039941216,"2012","BEA2012"
"1061","336120",1.1964312961933,"2012","BEA2012"
"1062","336211",1.77153732260052,"2012","BEA2012"
"1063","336212",1.0579772142803,"2012","BEA2012"
"1064","336213",1.00409626960754,"2012","BEA2012"
"1065","336214",1.35675669947614,"2012","BEA2012"
"1066","336310",2.3101123194001,"2012","BEA2012"
"1067","336320",2.57567375705548,"2012","BEA2012"
"1068","336350",2.28450748352225,"2012","BEA2012"
"1069","336360",2.12109524515381,"2012","BEA2012"
"1070","336370",2.49396288395292,"2012","BEA2012"
"1071","336390",2.61509457106149,"2012","BEA2012"
"1072","3363A0",2.54087205357428,"2012","BEA2012"
"1073","336411",1.32343128824226,"2012","BEA2012"
"1074","336412",3.18188841842573,"2012","BEA2012"
"1075","336413",2.86003039273714,"2012","BEA2012"
"1076","336414",1.25456276141008,"2012","BEA2012"
"1077","33641A",1.96148121611999,"2012","BEA2012"
"1078","336500",1.54201180921564,"2012","BEA2012"
"1079","336611",1.38712185418933,"2012","BEA2012"
"1080","336612",1.06621792414349,"2012","BEA2012"
"1081","336991",1.15319839163519,"2012","BEA2012"
"1082","336992",1.32874257791491,"2012","BEA2012"
"1083","336999",1.24177923564696,"2012","BEA2012"
"1084","337110",2.3968682059085,"2012","BEA2012"
"1085","337121",1.04804861897895,"2012","BEA2012"
"1086","337122",1.06020002952357,"2012","BEA2012"
"1087","337127",1.07006020276324,"2012","BEA2012"
"1088","33712N",1.08419738823034,"2012","BEA2012"
"1089","337215",1.59246097084815,"2012","BEA2012"
"1090","33721A",1.47010786574401,"2012","BEA2012"
"1091","337900",1.05366326447503,"2012","BEA2012"
"1092","339112",1.43182229356636,"2012","BEA2012"
"1093","339113",1.66236467052408,"2012","BEA2012"
"1094","339114",1.67759211449289,"2012","BEA2012"
"1095","339115",1.01867512855043,"2012","BEA2012"
"1096","339116",2.00182123511739,"2012","BEA2012"
"1097","339910",1.13654869982287,"2012","BEA2012"
"1098","339920",1.08638442935884,"2012","BEA2012"
"1099","339930",1.03834506693897,"2012","BEA2012"
"1100","339940",1.8204960945186,"2012","BEA2012"
"1101","339950",1.10730147582612,"2012","BEA2012"
"1102","339990",1.81518594499903,"2012","BEA2012"
"1103","4200ID",1,"2012","BEA2012"
"1104","423100",1.74866090157411,"2012","BEA2012"
"1105","423400",1.55813133515949,"2012","BEA2012"
"1106","423600",1.89610237839952,"2012","BEA2012"
"1107","423800",1.95162811909722,"2012","BEA2012"
"1108","423A00",2.49037075966771,"2012","BEA2012"
"1109","424200",1.51666078190647,"2012","BEA2012"
"1110","424400",1.75416348278304,"2012","BEA2012"
"1111","424700",2.15920933601046,"2012","BEA2012"
"1112","424A00",2.24008607056021,"2012","BEA2012"
"1113","425000",2.42557299457621,"2012","BEA2012"
"1114","441000",1.17826605091773,"2012","BEA2012"
"1115","444000",2.00560930262327,"2012","BEA2012"
"1116","445000",1.02264128024439,"2012","BEA2012"
"1117","446000",1.00440118221379,"2012","BEA2012"
"1118","447000",1.34368488774635,"2012","BEA2012"
"1119","448000",1.02965047606722,"2012","BEA2012"
"1120","452000",1.06827542426583,"2012","BEA2012"
"1121","454000",1.11771814177541,"2012","BEA2012"
"1122","481000",1.75582784857943,"2012","BEA2012"
"1123","482000",3.04615127942816,"2012","BEA2012"
"1124","483000",1.86852779150649,"2012","BEA2012"
"1125","484000",2.27854451825988,"2012","BEA2012"
"1126","485000",1.85511838664024,"2012","BEA2012"
"1127","486000",3.0429436349259,"2012","BEA2012"
"1128","48A000",2.95047231646822,"2012","BEA2012"
"1129","491000",2.61231885754751,"2012","BEA2012"
"1130","492000",2.81248299441722,"2012","BEA2012"
"1131","493000",2.6588575195201,"2012","BEA2012"
"1132","4B0000",1.06798905656507,"2012","BEA2012"
"1133","511110",1.10981744805053,"2012","BEA2012"
"1134","511120",1.42048791558409,"2012","BEA2012"
"1135","511130",1.37660681458692,"2012","BEA2012"
"1136","5111A0",1.82011485885232,"2012","BEA2012"
"1137","511200",1.27926805124298,"2012","BEA2012"
"1138","512100",1.93876872513147,"2012","BEA2012"
"1139","512200",1.82820983764577,"2012","BEA2012"
"1140","515100",2.5414977136661,"2012","BEA2012"
"1141","515200",1.63466126251706,"2012","BEA2012"
"1142","517110",1.77438920518762,"2012","BEA2012"
"1143","517210",1.83759768133677,"2012","BEA2012"
"1144","517A00",2.34596595359108,"2012","BEA2012"
"1145","518200",2.22142467935919,"2012","BEA2012"
"1146","519130",2.68222953374425,"2012","BEA2012"
"1147","5191A0",1.64528433938085,"2012","BEA2012"
"1148","522A00",2.44173409391806,"2012","BEA2012"
"1149","523900",1.63455433431955,"2012","BEA2012"
"1150","523A00",2.4101200025907,"2012","BEA2012"
"1151","524113",1,"2012","BEA2012"
"1152","5241XX",1.88743702719603,"2012","BEA2012"
"1153","524200",3.74776649528758,"2012","BEA2012"
"1154","525000",1.16993165104537,"2012","BEA2012"
"1155","52A000",2.22742826884496,"2012","BEA2012"
"1156","531HSO",1,"2012","BEA2012"
"1157","531HST",1,"2012","BEA2012"
"1158","531ORE",2.57947742663237,"2012","BEA2012"
"1159","532100",1.99597142233324,"2012","BEA2012"
"1160","532400",3.00825207016169,"2012","BEA2012"
"1161","532A00",1.81491970136994,"2012","BEA2012"
"1162","533000",3.10767942847451,"2012","BEA2012"
"1163","541100",2.1755111602688,"2012","BEA2012"
"1164","541200",2.69122618232359,"2012","BEA2012"
"1165","541300",2.47491646753951,"2012","BEA2012"
"1166","541400",2.72510024537041,"2012","BEA2012"
"1167","541511",1.05630439085826,"2012","BEA2012"
"1168","541512",2.36338649124082,"2012","BEA2012"
"1169","54151A",2.94241790018714,"2012","BEA2012"
"1170","541610",2.77189001282022,"2012","BEA2012"
"1171","5416A0",2.82413155374525,"2012","BEA2012"
"1172","541700",1.02508042826634,"2012","BEA2012"
"1173","541800",2.8620508375825,"2012","BEA2012"
"1174","541920",1.77411776234294,"2012","BEA2012"
"1175","541940",1.1499240938838,"2012","BEA2012"
"1176","5419A0",2.95006914776604,"2012","BEA2012"
"1177","550000",2.84460834924539,"2012","BEA2012"
"1178","561100",2.79286933768162,"2012","BEA2012"
"1179","561200",2.72678683212507,"2012","BEA2012"
"1180","561300",2.90412344394281,"2012","BEA2012"
"1181","561400",2.92162068878679,"2012","BEA2012"
"1182","561500",2.08911994769733,"2012","BEA2012"
"1183","561600",2.61443962214253,"2012","BEA2012"
"1184","561700",2.85397184776957,"2012","BEA2012"
"1185","561900",2.71398648429749,"2012","BEA2012"
"1186","562000",2.37645453295409,"2012","BEA2012"
"1187","611100",1,"2012","BEA2012"
"1188","611A00",1.09649334289099,"2012","BEA2012"
"1189","611B00",1.30740698271939,"2012","BEA2012"
"1190","621100",1.001281936944,"2012","BEA2012"
"1191","621200",1,"2012","BEA2012"
"1192","621300",1.0261364750404,"2012","BEA2012"
"1193","621400",1.00939465337433,"2012","BEA2012"
"1194","621500",1.33106822347636,"2012","BEA2012"
"1195","621600",1,"2012","BEA2012"
"1196","621900",1.34167530286133,"2012","BEA2012"
"1197","622000",1.00022840499878,"2012","BEA2012"
"1198","623A00",1.01193751394749,"2012","BEA2012"
"1199","623B00",1.01303406897932,"2012","BEA2012"
"1200","624100",1,"2012","BEA2012"
"1201","624400",1.00330964243039,"2012","BEA2012"
"1202","624A00",1,"2012","BEA2012"
"1203","711100",1.39505407605793,"2012","BEA2012"
"1204","711200",2.14441926374002,"2012","BEA2012"
"1205","711500",2.81677927769124,"2012","BEA2012"
"1206","711A00",2.10712328602494,"2012","BEA2012"
"1207","712000",1,"2012","BEA2012"
"1208","713100",1.0553107811329,"2012","BEA2012"
"1209","713200",1.00348226902094,"2012","BEA2012"
"1210","713900",1.15114755357354,"2012","BEA2012"
"1211","721000",1.60961375888473,"2012","BEA2012"
"1212","722110",1.47813276844681,"2012","BEA2012"
"1213","722211",1.16952224068928,"2012","BEA2012"
"1214","722A00",1.69960715703564,"2012","BEA2012"
"1215","811100",1.51852676651106,"2012","BEA2012"
"1216","811200",2.4419844723634,"2012","BEA2012"
"1217","811300",2.90316682044067,"2012","BEA2012"
"1218","811400",1.9917406967943,"2012","BEA2012"
"1219","812100",1.00531334322295,"2012","BEA2012"
"1220","812200",1,"2012","BEA2012"
"1221","812300",1.80654508283169,"2012","BEA2012"
"1222","812900",1.22015644249723,"2012","BEA2012"
"1223","813100",1,"2012","BEA2012"
"1224","813A00",1.00664981653029,"2012","BEA2012"
"1225","813B00",1.45847630838216,"2012","BEA2012"
"1226","814000",1,"2012","BEA2012"
"1227","GSLGE",1,"2012","BEA2012"
"1228","GSLGH",1,"2012","BEA2012"
"1229","GSLGO",1,"2012","BEA2012"
"1230","S00101",1,"2012","BEA2012"
"1231","S00102",2.8279417093654,"2012","BEA2012"
"1232","S00201",1,"2012","BEA2012"
"1233","S00202",1,"2012","BEA2012"
"1234","S00203",1.5522485049114,"2012","BEA2012"
"1235","S00500",1,"2012","BEA2012"
"1236","S00600",1,"2012","BEA2012"
